title,videourl,hoteltype,address,contact,webpage,email,workinghours,workingdays,places,municipality,owner,programm,services,activities,foodplace,spa,others,president,stars,roomsnumber,placenums,checkin,checkout,price,priceseason,manager,director,tags
"აისი/ Aisi",,სასტუმრო," გრიბოედოვი/ ზ. გორგილაძის   ქ. № 153/29 / Griboedovi/Z. Gorgiladze St. № 153/29","568 32 00 99",,"contact@hotelaisi.ge/ www.hotelaisi.ge",,,,,,,"საკრედიტო ბარათით სარგებლობა,Wi-Fi,პარკინგი,საუზმე,არამწეველთა ოთახები",ბილიარდი,"რესტორანი,კაფე",,,"არ აქვთ",4,37,71,,,"ერთ ადგ:120-150 ორ ადგ:150-180","ერთ ადგ:150  ორ ადგ:180","როლანდი ფეთერაძე-579122200",,
"ნადიკვარი/ Nadikvari",,სასტუმრო,"ბარათაშვილის ქუჩა N28/ Baratashvili str. N28","595 13 40 00 მეპატრონე ",,"hotelnadigvari@gmail.com ",,,,,,,"Wi-Fi,ტრანსფერი",,რესტორანი,,,"არ აქვთ",2,3,9,,,"ერთ/ორ ადგილიანი 50 ლარი","ერთ/ორ ადგილიანი 100-120 ლარი","მენეჯერი: მერაბ ბერიძე-595 13 40 00 ","595 13 40 00 ","#Nadikvari #Hotels #Wifi #Transfer "
ნება/Neba,,სასტუმრო,"პუშკინის ქ.  №85/91 / Pushkini str. N85/91","558 16 91 69 (0422) 22 54 78",,,,,,,,,"Wi-Fi,პარკინგი",,,"საუნა,მასაჟი",,"არ აქვთ",2,15,25,,,"ერთ ადგილიანი:80 ; ორ ადგილიანი :100","ერთ ადგილიანი:80 ; ორ ადგილიანი :100","ნები ხანჯერლი 579535363 ",,"#ნება #Neba #Hotels #Batumi #Wifi #Parking "
"ანადოლუ  სტარ /Anadoglu star",,სასტუმრო,"ქუთაისის ქ. №23/ Kutaisi St. №23","(0422) 294433/ 577 404197",,anadolustar4@gmail.com/,,,,,,,"Wi-Fi,არამწეველთა ოთახები",კაზინო,ბარი,,,"არ აქვთ",,20,,,,,"ორ ადგ:160",,,
ნია/Nia,,სასტუმრო,"ზუბალაშვილის ქ. N14 / Zubalashvili str. N14","(0422) 27 59 12; 568 15 56 54; 790 33 56 54",,,,,,,,,"საკრედიტო ბარათით სარგებლობა,Wi-Fi,პარკინგი,შინაური ცხოველები დაშვებულია,ტრანსფერი,ექსკურსიები",,კაფე,,"ზღვასთან ახლოს","არ აქვს",2,9,18,,,"ერთ/ორ ადგილიანი:  60 ლარი","ერთ ადგილიანი: 80-100 ლარი ;  ორ ადგილიანი: 100-120 ლარი",,"ზურაბ ბერიძე - 593 15 56 54","#ნია #Nia #Hotels #Wifi #BlackSea #Excursions #Pets #Transfer #parking #CreditCard "
ნინი/Nini,,სასტუმრო,"აღმაშენებლის ქ.  №25 / Aghmashenebli ave. N25","555 24 19 05; (0422) 22 22 49 ",,,,,,,,,,,,,,"არ აქვთ ",,,,,,,"ერთ ადგილიანი :80-100 ლარი; ორ ადგილიანი: 80-100","მენეჯერი: 555 24 19 05",,"#Nini #ნინი #Batumi "
"ოლდ სითი/ Old City",,სასტუმრო,"თავდადებულის ქ. N23 / Tavdadebuli str. N23","(0422) 27 32 43; 598 49 99 99",,"booking@old-city.ge; info@old-city.ge /www.old-city.ge",,,,,,,"Wi-Fi,პარკინგი,საუზმე,შინაური ცხოველები დაშვებულია,ტრანსფერი,ლიფტი",,"რესტორანი,კაფე","ღია აუზი","ზღვასთან ახლოს","არ აქვთ",4,10,24,,,"ერთ/ორ ადგილიანი 80-90 ლარი","ორ ადგილიანი : 200 ლარი საუზმით; ლუქსი: 250 ლარი","გიორგი მიქაძე-557 72 32 33 ",,"#Batumi #OldCity #Wifi #Parking #Breakfast #Pets #Restaurant #Cafe #SwimmingPool "
"ოლდ თაუნი/Old Town ",,სასტუმრო,"ქუთაისის ქ. N1/28/ Kutaisi str. N1/28","(0422) 22 49 59",,"hoteloldtown@mail.ru /www.hoteloldtown.ge",,,,,,,"საკრედიტო ბარათით სარგებლობა,Wi-Fi,პარკინგი,საუზმე,შინაური ცხოველები დაშვებულია,ტრანსფერი,ექსკურსიები,ლიფტი",,"რესტორანი,ბარი",,"ზღვასთან ახლოს","არ აქვთ",3,20,60,,,"ერთ ადგილიანი: 100 ლარი;  ლუქსი: 150 ლარი","ორ ადგილიანი: 200-250 ლარი;  ნახევრად ლუქსი: 200ლ.","რევაზ არძენაძე -577 45 84 71",,"#Batumi #OldTown #Wifi #Parking #Creditcard #Pets #SeaSide #CafeBar "
ბათუსი/BATUSI,,სასტუმრო,"ჯავახიშვილის ქ. JAVAKHISHVILI ST.№4ა ","&quot;577 25 03 03 (0422)  25 03 03&quot;",,info@batus.ge,,,,,,,"საკრედიტო ბარათით სარგებლობა,Wi-Fi","ბილიარდი,კარაოკე",კაფე,,,"&quot;საპრეზიდენტო  ნომერი არა აქვთ&quot;",,18,36,,,"&quot;ერთ ადგ:70 ორ ადგ: 90&quot;","&quot;ერთ ადგ:120 ორ ადგ: 140&quot;","&quot;მენეჯერი: ბაჩო მიქელაძე -574 3000 90 59302 03 32 &quot;",,
ანტიკა/Antika,,სასტუმრო,"ა.პუშკინის ქ. №108 / A.Pushkini St. №108","(0422) 25 24 14/ 514 61 24 24",,"hotelantika@mail.ru/ www.hotelantika.com",,,,,,,"საკრედიტო ბარათით სარგებლობა,Wi-Fi,საუზმე",,რესტორანი,,,"არ აქვთ",2,19,45,,,"ერთ ადგ:70 ორ ადგ:80","ერთ ადგ:80  ორ ადგ:100","ინგა კოჩაძე  -577 61 24 24",,
"ოლდ ბათუმი/ Old Batumi",,სასტუმრო,"გოგებაშვილის ქ.   №12/ Gogebashvili str. N12","(0422) 27 68 94; 555 57 90 47 ",,old.town2014@mail.ru,,,,,,,"Wi-Fi,პარკინგი,ტრანსფერი,ექსკურსიები",,კაფე,,,"არ აქვთ",,5,10,,,"ერთ ადგილიანი: 120 ლარი; ორ ადგილიანი: 140 ლარი","ორ ადგილიანი: 200 ლარი","თემური ზოიძე -595 77 24 00",,"#OldBatumi #Wifi #Transfer #Excursions #Parking "
"ოქროს სახლი/Golden House ",,სასტუმრო,"გოგოლის ქ. №23ა / Gogoli str. N23/a","555 70 10 04;  593 51 73 10; 558 41 23 23",,www.facebook.com/Golden-House,,,,,,,"Wi-Fi,ტრანსფერი",,ბუფეტი,,,"არ აქვს",,12,,,,"ერთ/ორ ადგილიანი: 50 ლარი","ორ ადგილიანი: 50","558 41 23 23; 558 11 61 11",,"#Batumi #GoldenHouse #Wifi #Transfer "
ანრი/Anri,,სასტუმრო,"შ.ხიმშიაშვილის  ქ.  №47 /Sh.Khimshiashvili St. №47","571 16 16 24",,,,,,,,,"Wi-Fi,პარკინგი,ტრანსფერი","ჩოგბურთის კორტები",,,"ზღვასთან ახლოს,საკონფერენციო დარბაზი","არ აქვთ",,10,46,,,"ერთ ადგ:15","ერთ ადგ: 20",,"რუსლან  დიასამიძე - 571 16 16 24",
ამირანი/Amirani,,სასტუმრო,"აღმაშენებლის ქ. № 13ა /Agmashenebeli St. № 13","558 22 20 20",,sastumroamirani@gmail.com,,,,,,,"საკრედიტო ბარათით სარგებლობა,Wi-Fi,პარკინგი",,,,,"არ აქვთ",,5,15,,,"ერთ/ორ ადგ: 40",,"გურანდა ბერიძე  558 22 20 20",,
ბაკური/BAKURI,,სასტუმრო,"წერეთლის ქ /TSERETELI ST..№38","&quot;(0422) 27 64 63 577 52 12 23&quot;",,hotelbakuri@yahoo.com,,,,,,,"საკრედიტო ბარათით სარგებლობა,Wi-Fi",,,,,"&quot;საპრეზიდენტო  ნომერი არა აქვთ&quot;",3,11,25,,,"&quot;ერთ ადგ:50 ორ ადგ: 80-100&quot;","&quot;ერთ ადგ:40  ორ ადგ: 50&quot;","&quot;მენეჯერი : მაიკო ბერიძე - 577 12 52 09&quot;",,
აფსაროსი/Afsaros,,სასტუმრო," ჭავჭავაძის ქ. №95 / Chavchavadze St. №95 ","568 61 46 89/ 599 78 32 72/ 555 66 55 87",,,,,,,,,"Wi-Fi,პარკინგი",,,,,"არ აქვთ",3,10,19,,,"ერთ ადგ: 60  ორ ადგ: 80","ერთ ადგ: 60  ორ ადგ: 80","ლეილა კორძაია -568 61 46 89",,
"აკვარიუსი /Akvarius",,სასტუმრო,"პუშკინის ქ. № 37 /Pushkini St. № 37 ","(0422) 22 51 85",,hotel.aquarius@yahoo.com,,,,,,,"Wi-Fi,პარკინგი,საუზმე",,,,,"არ აქვთ",3,15,35,,,"ერთ ადგ:40-50 ორ ადგ:60","ერთ/ორ ადგ: 70","რევაზ ბედინაძე  599 11 94 95 ","ნიკოლოზ ბერიძე- 558 70 11 00",
ბესო/BESO,,სასტუმრო,"ბერიძის ქ. /BERIDZE ST.№15","(0422) 22 09 02",," HOTEL-BESO@MAIL.RU, ",,,,,,,"Wi-Fi,პარკინგი",,კაფე,,,"&quot;საპრეზიდენტო  ნომერი არა აქვთ&quot;",2,27,54,,,"&quot;ერთ/ორ ადგ: 50-60&quot;","&quot;ერთ ადგ:50 ორ ადგ: 80&quot;",,"&quot;დირექტორი:  ირაკლი დიასამიძე (მეპატრონე)-598 97 27 27&quot;",
არგო/Argo,,სასტუმრო,"გორგილაძის ქ.№75ა/ Gorgiladze St. №75a","592 19 43 43 /558 27 49 67/ 557 74 50 18",,yasaryirigoz.61@gmail.com,,,,,,,"საკრედიტო ბარათით სარგებლობა,Wi-Fi",,რესტორანი,,,"არ აქვთ",3,28,50,,,"ერთ/ორ ადგ: 80-100","ერთ ადგ:160 ორ ადგ: 180","იეგანე შანჰანოვა -592194343",,
ადმირალი/Admiral,,სასტუმრო,"გოგებაშვილის ქ. №20/Gogebashvili St. №20","(0422) 25 57 54/ 577 78 84 33",,"operasions@admiral.ge / www.admiral.ge",,,,,,,"საკრედიტო ბარათით სარგებლობა,Wi-Fi,პარკინგი,საუზმე,არამწეველთა ოთახები,ექსკურსიები,ლიფტი",,რესტორანი,ფიტნესი,"კერძო პლიაჟი,ზღვასთან ახლოს,საკონფერენციო დარბაზი","არ აქვთ",5,40,80,,,"ერთ ადგ70$ ორ ადგ: 90$"," ერთ ადგ:90$ - ორ ადგ:110$",,"კონსტანტინე მეგრელიშვილი -577 78 84 33",
ალბატროსი/Albatros,,სასტუმრო,"ბარათაშვილის ქ. №43/Baratashvili St. №43"," 555 02 09 09",,,,,,,,,"Wi-Fi,პარკინგი,შინაური ცხოველები დაშვებულია",,,,,"არ აქვთ",,5,19,,,"ერთ ადგ: 50/ორ ადგ:60","ერთ/ორ ადგ: 120","იაგო კეჭეხმაძე  -555 020909",,
"ოქროს გასაღები/Golden Key ",,სასტუმრო,"გორგასალის ქ.N23/ Gorgasali str.N23","555 57 89 21",,,,,,,,,"Wi-Fi,საუზმე,შინაური ცხოველები დაშვებულია",,,,"ბიზნეს შეხვედრების ორგანიზება","არ აქვთ",3,4,9,,,"ერთ ადგილიანი: 30-35ლარი; ორ ადგილიანი: 40ლარი.","ერთ ადგილიანი: 60 ლარი; ორ ადგილიანი: 60 ლარი","დარეჯან ცქიტიშვილი -555 57 89 21 ",,"#Wifi #Breakfast #Business #"
ანკარა/Ankara,,სასტუმრო,"ლეონიძის ქ. №8/Leonidze ST. №8","(0422) 24 14 60/  571 52 35 23/ 599574501",,info@hotel-ankara.ge,,,,,,,"Wi-Fi,პარკინგი",,ბუფეტი,,,"არ აქვთ",2,16,22,,,"ერთ ადგ/ორ ადგ:60,80,150","ერთ ადგ:70 ორ ადგ: 80","ირაკლი ხიმშიაშვილი -571523523 ",,
ასტორია/Astoria,,სასტუმრო,"ს.ხიმშიაშვილის ქ. № 41 /S.Khimshiashvili St. № 41","(0422) 22 53 10/ (0422) 23 20 66/ 579 27 37 39",,"hotelastoria2011@gmail.com/ www.facebook.com/hotelastoria.batumi",,,,,,,,,,,,"არ აქვთ",2,17,40,,,,"ერთ/ორ ადგ: 120"," 579 27 37 39",,
ალექსი/Alex,,სასტუმრო,"მელიქიშვილის ქ.№102ა /Melikishvili St. №102a"," 555 15 38 77",,hotel-tg@mail.ru,,,,,,,"საკრედიტო ბარათით სარგებლობა,Wi-Fi,პარკინგი",,კაფე,,,"არ აქვს",2,15,20,,,"ერთ ადგ:40 ორ ადგ: 50","ერთ/ორ ადგ: 60-70","თეონა ასათიანი  -571 51 18 44 /ლარა ნაკაშიძე  - 558 04 16 04",,
აჭარა/Adjara,,სასტუმრო,"ლერმონტოვის ქ. №1ა/ Lermontovi St. №1a","(0422) 27 23 68",,adjarabutichotel@mail.ru,,,,,,,"საკრედიტო ბარათით სარგებლობა,Wi-Fi,საუზმე,შინაური ცხოველები დაშვებულია",,ბარი,,,,2,15,50,,,"ერთ ადგ:90 ორ ადგ: 120","ერთ/ორ ადგ: 200",,,
ოთო/Oto,,სასტუმრო,"ფიროსმანის ქ. N8/ Pirosmani str.N8","571 13 13 99 ",,"merabisha@gmail.com ",,,,,,,"საკრედიტო ბარათით სარგებლობა,Wi-Fi,პარკინგი,საუზმე,შინაური ცხოველები დაშვებულია",,ბუფეტი,,,"არ აქვთ",2,12,24,,,"ერთ/ორ ადგილიანი: 50 ლარი","ერთ ადგილიანი: 90 ლარი; ორ ადგილიანი: 100 ლარი","მერაბი შერვაშიძე-571131399 ",,"#Batumi,#Wifi,  #Breakfast,  #Pets,  #Parking "
აპოლო/Apolo,,სასტუმრო," ლერმონტოვის ქ. №10/Lermontovi St. №10","(0422) 22 28 23/ 595 63 00 06/ 599 20 48 70",,"hotelapolo@mail.ru/ www.hotelapolo.ge",,,,,,,"Wi-Fi,პარკინგი,საუზმე,ნომერი შეზღუდული შესაძლებლობის პირისთვის",,კაფე,,"ზღვასთან ახლოს",,3,9,21,,,,"ერთ ადგ:80 ორ ადგ: 120","ალეკო პატარაია  -599299151",,
ბათუმი/Batumi,,სასტუმრო,"მაიაკოვსკის ქ.№15/ Maiakovski St. №15","(0422) 27 25 68 ",,batumi2000@gmail.com,,,,,,,"Wi-Fi,პარკინგი,საუზმე,შინაური ცხოველები დაშვებულია,არამწეველთა ოთახები",,რესტორანი,,,,2,28,45,,,"ერთ ადგ:60 ორ ადგ: 80","ერთ/ორ ადგ: 70"," სულხან ზოიძე -577585151",,
"ბათუმი სან/ Batumi Sun ",,ჰოსტელი,"ლერმონტოვის  ქ. №24/ Lermontovi St. №24","558 11 11 89 ",,,,,,,,,,,,,,,,7,30,,,"ერთ/ორ ადგ: 15 -30 ",,"ჯაბა -558 11 11 89 ",,
"ბლექ სი/  Black sea ",,ჰოსტელი,"გოგებაშვილის (ბაქოს) ქ. №58 /Gogebashvili(Bako) ST. №58","551 57 57 29/ 577 09 67 65 ",,,,,,,,,"საკრედიტო ბარათით სარგებლობა,Wi-Fi,პარკინგი,საუზმე,ექსკურსიები,ნომერი შეზღუდული შესაძლებლობის პირისთვის","ბილიარდი,მაგიდის ტენისი",ბარი,,"ზღვასთან ახლოს",,,7,40,,,,"8ადგ - 25ლარი/ 4 ადგ-30 ლარი/ 2 ადგ-65 ლარი/ლუქსი 2+1-80 ლარი ",,"გიგა ფარტენაძე -551 57 57 29",
"ოთხი სეზონი/Four Season ",,სასტუმრო,"ქუთაისის ქ.N30/ Kutaisi str.N23","(0422) 27 99 88; 577 10 44 54; 574 01 08 96      ",,,,,,,,,"Wi-Fi,პარკინგი,შინაური ცხოველები დაშვებულია",,,,,"არ აქვთ",3,4,8,,,"ერთ/ორ ადგილიანი: 50-60 ლარი","ერთ ადგილიანი: 80 ლარი; ორ ადგილიანი: 80 ლარი",,,"#Wifi #parking #Pets #Batumi "
"ბათუმის ტენისის კლუბი/  Batumi tennis club",,სასტუმრო,"ბულვარი /Boulevard","571 33 17 74/ 593 24 10 85",,"dimitri.bliadze@yahoo.com/ www.biki.ge",,,,,,,"საკრედიტო ბარათით სარგებლობა,Wi-Fi,საუზმე","ჩოგბურთის კორტები,ღამის კლუბი",,,"ზღვასთან ახლოს",,3,16,32,,,"ერთ/ორ ადგ: 60-70","ერთ/ორ ადგ: 130","დიმიტრი ბლიაძე -593 24 10 85 ",,
ოსკარი/Oscar,,სასტუმრო,"გორგასალის ქ.N6/Gorgasali str.N6","557 53 78 42; 593 95 94 76;  (0422) 27 62 67",,,,,,,,,,,,,,,,,,,,,,,,
პლაზა/Plaza,,სასტუმრო,"ჭავჭავაძის ქ.N5/Chavchavadze ave.N5"," (0422) 22 29 29  ",,hotel@batumiplaza.ge,,,,,,,"საკრედიტო ბარათით სარგებლობა,Wi-Fi,პარკინგი,საუზმე,არამწეველთა ოთახები,ლიფტი",,ბარი,"დახურული აუზი,ღია აუზი,სპა,საუნა,მასაჟი,ფიტნესი,სოლარიუმი","კერძო პლიაჟი,ზღვასთან ახლოს,საკონფერენციო დარბაზი",,4,43,70,,,"ერთ ადგილიანი: 65 ლარი; ორ ადგილიანი: 100-110 ლარი","ერთ ადგილიანი: 140 ლარი; ორ ადგილიანი: 140 ლარი","მენეჯერი:  გიორგი ფუტკარაძე -599 50 03 02",,"#Plaza #Batumi #SwimmingPool #Business #SeaSide #Fitness #Parking #PrivateBeach  "
ბექრო/BEQRO,,სასტუმრო,"ზუბალაშვილის ქ./ZUBALASHVILI ST №13","&quot;(0422) 27 45 82 568 22 35 25&quot;",,,,,,,,,,,,,,"საპრეზიდენტო ნომერი არ აქვთ",,,,,,,"&quot;ერთ ადგ:50 ორ ადგ:70&quot;",,,
"პარადაისი/Paradise ",,სასტუმრო,"შავშეთის ქ.N5/Shavshetis str. N5","(0422) 22 15 13; 0790 20 97 71; 558 00 06 15 (თურქულენოვანი ოპერატორი ჰყავთ)",,paradisebatumi@gmail.com,,,,,,,"საკრედიტო ბარათით სარგებლობა,Wi-Fi,პარკინგი,საუზმე,ტრანსფერი,ექსკურსიები",,კაფე,,"ზღვასთან ახლოს","არ აქვთ",3,10,18,,,"ერთ ადგილიანი: 70-80 ორ ადგილიანი: 100 ლარი","ერთ/ ორ ადგილიანი: 80-140 ლარი",,"ნატალია ლიპარტიანი-591 40 77 04  ","#Creditcard #WIfi #SeaSide #Cafe #Excursions #Transfer #Parking #Breakfast"
"პენტჰაუს ჰოტელ ბათუმი/Penthouse Hotel Batumi",,სასტუმრო,"ზ.გორგილაძის ქ.N118 26-ე სართული/Z.Gorgiladze str.N118 Floor-26","577 51 17 77",,"penthousebatumi@gmail.com ",,,,,,,"საკრედიტო ბარათით სარგებლობა,Wi-Fi,პარკინგი,საუზმე,ტრანსფერი",,რესტორანი,,,"არ აქვთ",,20,75,,,"ერთ/ ორ ადგილიანი: 60$","ერთ/ორ ადგილიანი: 130$","გაყიდვების მენეჯერი: მაია კალანაძე 577 51 17 77 ",,"#batumi #Wifi #Transfer #Parking #creditCard #Restaurant "
"პეპინო/Pepino ",,სასტუმრო,"მელაშვილის ქ. №23/ Melashvili str.N23","(0422) 22 43 90; 557 60 03 25",,"medea1976@mail.ru ",,,,,,,"Wi-Fi,პარკინგი,შინაური ცხოველები დაშვებულია,ტრანსფერი",,,,"ზღვასთან ახლოს",,3,7,17,,,"ერთ ადგილიანი: 40 ლარი; ორ ადგილიანი: 50 ლარი","ორ ადგილიანი: 90 ლარი","მედეა 593 77 14 14",,"#Wifi #Transfer #Pets #Seaside"
"&quot;ბესთ ვესტერნ პლას ბათუმი &quot;&quot;Best western plus Batumi&quot;&quot;&quot;",,სასტუმრო,"&quot;შ. ხიმშიაშვილის ქ.N92 / Sh. Khimshiashvili st.N92&quot;","&quot;551 336677  551 336688&quot;",,bwbatumi@gmail.com,,,,,,,,,,"ღია აუზი","საკონფერენციო დარბაზი","საპრეზიდენტო ნომერი არ აქვთ",5,50,12-140,,,,"80–180 დოლარამდე",,,
"პონტო ბათეა/Hotel Ponto Batea",,სასტუმრო," მაზნიაშვილის ქ.  №3/Mazniashvili str.N3","(0422) 27 55 15;  593 10 30 86 ",,pontobatea@gmail.com/www.facebook.com/PontoBatea,,,,,,,"საკრედიტო ბარათით სარგებლობა,Wi-Fi,პარკინგი,საუზმე,ტრანსფერი,ექსკურსიები",,,,"ზღვასთან ახლოს","არ აქვთ",3,7,20,,,"ერთ/ორ ადგილიანი: 35 $","ერთ/ორ ადგილიანი: 60$","მენეჯერი: არჩილ გოგიტიძე-  593 103086  ",,"#SeaSide #BlackSea #Transfer #Excursions #Breakfast #Parking #Wifi #CreditCard "
"პორტო ფრანკო/Porto Franco ",,სასტუმრო,"ქუთაისის ქ.  №16/ Kutaisi str.N16","(0422) 27 70 44",,,,,,,,,Wi-Fi,,,,"ზღვასთან ახლოს","არ აქვთ ",3,4,8,,,"ერთ/ორ ადგილიანი: 60$","ერთ/ორ ადგილიანი: 100$","ირა ხაჩიძე - 514 70 61/66 55",,"#BlackSea #SeaSide #Wifi #PortoFranco "
"პორტო ფრანკო/Porto Franco ",,სასტუმრო," თავდადებულის ქ.  №31/ Tavdadebuli str/N31","(0422) 22 55 99; 574 07 19 79",,,,,,,,,"საკრედიტო ბარათით სარგებლობა,Wi-Fi,საუზმე,შინაური ცხოველები დაშვებულია",,"რესტორანი,ბარი",,,"არ აქვთ ",,13,24,,,"ერთ/ორ ადგილიანი: 50-60 ლარი","ერთ/ორ ადგილიანი:  140 ლარი ( საუზმით)","მენეჯერი: 593 36 20 09  ","დონარი მამულაძე ","#OldBatumi #Batumi #Wifi #Restaurant #CafeBar #Breakfast #CreditCard "
"ბიჩ ჰაუსი/BEACH HOUSE",,სასტუმრო," /SH.KHIMSHIASHVILI №89","&quot;555 60 09 01 (0422) 29 26 68&quot;",,beachhousebatumi@gmail.com,,,,,,,"საკრედიტო ბარათით სარგებლობა,Wi-Fi,შინაური ცხოველები დაშვებულია,ავტო გაქირავება,ველო გაქირავება","ფეხბურთის მოედანი",,საუნა,"კერძო პლიაჟი,ზღვასთან ახლოს,ბიზნეს შეხვედრების ორგანიზება,საკონფერენციო დარბაზი","საპრეზიდენტო ნომერი არ აქვთ",3,14,28,,,"&quot;ერთ/ორ ადგ: 50&quot;","&quot;ერთ ადგ:50$ ორ ადგ:70$&quot;","მენეჯერი:  დიანა 551 30 94 49 ","დირექტორი: კახაბერ ბერიძე -555 60 09 01",
"ბლექ სი ჰაუს",,სასტუმრო,"კლდიაშვილის ქ./ KLDIASH №8 ","&quot;599 39 75 72 (0422) 27 81 11&quot;",,,,,,,,,"საკრედიტო ბარათით სარგებლობა,Wi-Fi,პარკინგი",,რესტორანი,,,"საპრეზიდენტო ნომერი არ აქვთ",3,8,25,,,"&quot;ერთ ადგ:50 ორ ადგ: 80&quot;","&quot;ერთ ადგ:90 ორ ადგ:110-150&quot;","&quot;მენეჯერი:  574 72 39 39&quot;",,
"პრემიერი/Premier ",,სასტუმრო,"მაიაკოვსკის ქ.  №11/ Maiakovsi str.N11","(0422) 22 07 25;  579 09 22 02",,info@hotelpremier.ge/www.hotelpremier.ge,,,,,,,"საკრედიტო ბარათით სარგებლობა,Wi-Fi,პარკინგი,საუზმე,არამწეველთა ოთახები,ტრანსფერი,ექსკურსიები,ლიფტი",,რესტორანი,მასაჟი,"ბიზნეს შეხვედრების ორგანიზება,საკონფერენციო დარბაზი","არ აქვთ ",3,32,60,,,"ერთ ადგილიანი: 70 ლარი;  ორ ადგილიანი: 150 ლარი.","ერთ ადგილიანი: 100-120 ლარი; ორ ადგილიანი: 160 ლარი ","მურადი- 597 01 03 01",,"#ConferenceRoom #Business #Restaurant #Excursions #Breakfast #Parking #WiFi #CreditCard #Transfer "
ბლოსომ,,სასტუმრო,"პუშკინის ქ./PUSHKINI №144","593 508 771",," info@blossom.ge",,,,,,,"საკრედიტო ბარათით სარგებლობა,Wi-Fi,ტრანსფერი",,,,,"საპრეზიდენტო ნომერი არ აქვთ",,3,8,,,,"ორ ადგ: 50$","მენეჯერი: ზაზა ფარტენაძე - 574 30 60 80","დირექტორი: ნანული დუმბაძე - 593 50 87 71",25
"ბლექ სი სთარ/BLACK SEA STAR ",,სასტუმრო,"ზუბალაშვილის /ZUBALASHVILI№17 ","&quot;593 801717                     ( 0422) 224543&quot;",,info@blackseastar.ge,,,,,,,"საკრედიტო ბარათით სარგებლობა,Wi-Fi,ტრანსფერი,ექსკურსიები",,,,,"საპრეზიდენტო ნომერი არ აქვთ",,16,,,,"&quot;ერთ/ორ ადგ: 120&quot;","ერთ ადგ:100","&quot;მენეჯერი: თემო- 593 80 17 17&quot;",,
"&quot;ბონი/BONI &quot;",,სასტუმრო,"მაიაკოვსკის ქ. /MAIAKOVSKI№4","&quot;(0422) 27 48 20 (0422) 27 19 39 593 04 51 51&quot;",,hotelboni@mail.ru,,,,,,,"Wi-Fi,პარკინგი,შინაური ცხოველები დაშვებულია,ტრანსფერი","ბილიარდი,კარაოკე",რესტორანი,სოლარიუმი,"ბიზნეს შეხვედრების ორგანიზება,საკონფერენციო დარბაზი","საპრეზიდენტო ნომერი არ აქვთ",,2,41,,,"&quot;ერთ/ორ ადგ: 50&quot;","&quot;ერთ/ორ ადგ: 30-40&quot;",,"&quot;დირექტორი თეა ფიჩხაძე: - 577125214 &quot;",80
"&quot;ბელა კოსტა BELA KOSTA&quot;",,სასტუმრო,"ლესელიძის ქ./LESELIDZE №6","568 30 77 77      ",,info@bellacosta.ru.com,,,,,,,"საკრედიტო ბარათით სარგებლობა,Wi-Fi,პარკინგი,საუზმე,ტრანსფერი",კარაოკე,"რესტორანი,კაფე,ბარი","ღია აუზი",,"საპრზიდენტო ნომერი არ აქვთ",,,,,,,100-110,,"&quot; დირექტორი: -558 19 91 91&quot;",
ბრაიტონი/BRIGTON,,სასტუმრო,"დუმბაძის ქ./DUMBADZE №8","&quot;(0422) 27 41 35 557 68 28 28&quot;",,info@brighton.ge,,,,,,,"საკრედიტო ბარათით სარგებლობა,Wi-Fi,პარკინგი,საუზმე,არამწეველთა ოთახები",,რესტორანი,,"ზღვასთან ახლოს,საკონფერენციო დარბაზი","საპრეზიდენტო ნომერი არ აქვთ",3,15,30,,,"&quot;ერთ/ორ ადგ: 120&quot;","&quot;ერთ/ორ ადგ: 170&quot;","&quot;მენეჯერი: ციური დავითაძე -599 42 34 34 &quot;",,
ბრილიანტი/BRILIANT,,სასტუმრო,"მელიქიშვილის  ქ. /MELIQISHVILI№86","&quot;(0422) 22 04 86 568 50 18 90 &quot;",,,,,,,,,,,,,,"საპრეზიდენტო ნომერი არ აქვთ",,,,,,40-50,40-50,,,
ბუნება/BUNEBA,,სასტუმრო,"აღმაშენებლის ქ. №3","568 66 56 65",,info.@hotelbuneba.ge,,,,,,,,,,,,,2,5,7,,,,,,,
"&quot;გარანტი/ GARANTI&quot;",,სასტუმრო,"ი.ჯავახიშვილის ქ.I.JAVAKHISHVILIN3ა","577 75 50 95",,,,,,,,,,,კაფე,,,,,17,51,,,,,,,
ფერია/Feria,,სასტუმრო,"ბერიძის ქ. №13/Beridze St.№13","(0422) 25 15 76 / 599 26 28 70 ",,,,,,,,,"Wi-Fi,პარკინგი,საუზმე",,,,"ზღვასთან ახლოს","არ აქვთ",2,4,8,,,"ერთ/ორ ადგ: 30-40","ერთ/ორ ადგ: 60-70ლარი","ჯემალ ირემაძე - 599 26 28 70",,
"გრანდ როიალ აპარტამენტი/GRAND ROYAL APPARTMENT",,სასტუმრო,"&quot; ხიმშიაშვილის ქ. /KHIMSHIASHVILI №15დ  16, 17,18 სართულები/STAIRS (ორბი &quot;&quot;sea tower&quot;&quot;)&quot;","&quot;(0422) 20 00 34 (0422) 20 00 35 790 20 04 96 &quot;",,"gr.batumi@gmail.com ",,,,,,,"საკრედიტო ბარათით სარგებლობა,Wi-Fi,პარკინგი,საუზმე,შინაური ცხოველები დაშვებულია,არამწეველთა ოთახები,ტრანსფერი,ექსკურსიები,ლიფტი",,რესტორანი,,"ზღვასთან ახლოს","საპრეზიდენტო ნომერი არ აქვთ",,4,40,,,"&quot;ერთ/ორ ადგ: 130&quot;","&quot;ერთ/ორ ადგ: 190&quot;","&quot;მენეჯერი:  აბრაჰამ ირანეჟადი-514 560606&quot;",,100
გრინდორ/GREENDOOR,,სასტუმრო,"მემედ აბაშიძის #48","&quot;574 09 37 03 593 45 66 02;  555 26 72 62&quot;",,hostelbatumelebi@gmail.com,,,,,,,,,,,,"საპრეზიდენტო ნომერი არ აქვთ",,3,16,,,,"&quot;ერთ.ადგ 40ლ. სტანდარტული -90ლ. &quot;","&quot;მენეჯერი : კახა გურგენიძე-  574 09 37 03&quot;",,
ფრენდლი/Friendly,,ჰოსტელი,"გორგასალის ქ. №5 / Gorgasali St.№5 ","574 33 01 33 /597 82 00 22 ",,,,,,,,,"Wi-Fi,პარკინგი,საუზმე,ავტო გაქირავება,ტრანსფერი",,კაფე,,,"არ აქვთ ",,3,35,,,,"ერთ/ორ ადგ: 80/100",,,
"ფერიდე / Feride",,სასტუმრო,"ამაღლების ქ.  №9 / Amagleba St. №9 ","(0422) 25 45 86 / 593 90 43 60",,,,,,,,,,,,,,,,9,,,,,,,,
"გრინ ვილა/GREEN VILLA",,სასტუმრო,"კოსტავას ქ. /KOSTAVA ST.№13","&quot;(0422) 22 51 90 579 97 75 77&quot;",,Green.villa@mail.ru,,,,,,,"საკრედიტო ბარათით სარგებლობა,Wi-Fi,პარკინგი,საუზმე,შინაური ცხოველები დაშვებულია",,,,,"საპრეზიდენტო ნომერი არ აქვთ",3,10,25,,,"&quot;ერთ ადგ:35 ორ ადგ: 45-50&quot;","&quot;ერთ/ორ ადგ: 120-170 &quot;","მენეჯერი : მზია ფუტკარაძე",,
"ფრიდომ ჰოსტელ ბათუმი / Freedom Hostel Batumi",,ჰოსტელი,"ანგისის  ქ. №66 / Angisa St. №66 ","557 73 81 12",,,,,,,,,,,,,,"არ აქვთ",,,,,,,"ერთ/ორ ადგ: 40",,,
"ქეშ / Cash",,ჰოსტელი,"კოსტავას ქ. №23 / Kostava St. №23","597 07 11 33",,,,,,,,,,,,,,,,8,25,,,,"ერთ ადგ: 20",,"არლურ -597 07 11 33",
გოგა/GOGA,,სასტუმრო,"ალექსანდრე ჩხაიძის ქ. /A.CHKHAIDZE ST.№48","595 19 81 08",,ini-georgia@mail.ru,,,,,,,Wi-Fi,,,,,"საპრეზიდენტო ნომერი არ აქვთ",2,7,15,,,"&quot;ერთ/ორ ადგ: 20-25-30&quot;","&quot;ერთ/ორ ადგ: 40&quot;"," მენეჯერი: ლელა ფაღავა -593 85 50 50"," დირექტორი: ლამარა ბიბილაშვილი -595 19 81 08",
"გოლდენ სტარ/GOLDEN STAR ",,სასტუმრო,"ზუბალაშვილის ქ. /ZUBALASHVILI ST.№13","&quot;(0422) 27 81 60  &quot;",,Goldenstar.ge@gmail.com,,,,,,,"საკრედიტო ბარათით სარგებლობა,Wi-Fi,პარკინგი,საუზმე,შინაური ცხოველები დაშვებულია,არამწეველთა ოთახები,ავტო გაქირავება,ექსკურსიები,ნომერი შეზღუდული შესაძლებლობის პირისთვის",,კაფე,,"ზღვასთან ახლოს","საპრეზიდენტო ნომერი არ აქვთ",3,23,50,,,"&quot;ერთ/ორ ადგ: 80-100&quot;","&quot;ერთ/ორ ადგ: 130-150&quot;","&quot;ხათუნა გურგენიძე: 577 43 53 43&quot;",,
"ქარავანი / Qaravani",,სასტუმრო,"პუშკინის ქ.  №49 / Pushkini St. №49","(0422) 220691/ 555 03 10 70",,hotelqaravani@yahoo.com,,,,,,,Wi-Fi,,,,," არ აქვთ",2,5,12,,,"ერთ/ორ ადგ: 40-50","ერთ ადგ:80 ორ ადგ:100","გულნარა თურმანიძე",,
"ქრისტინა / Kristina",,სასტუმრო,"ბაგრატიონის ქ.№67 / Bagrationi St.№N67","555 70 03 82",,,,,,,,,Wi-Fi,,,,,,,10,30,,,"ერთ ადგ: 50/ორ ადგ: 50","ერთ.ადგ60-80 /ორ ადგ.80-100"," ნინო ხოზრევანიძე - 555 700 382",,
"შერატონი / Sheraton",,სასტუმრო,"რუსთაველის ქ.  №28  / Rustaveli St.  №28  ","(0422) 22 90 00 / 597 81 88 38",,"www.sheratonbatumi.com / info@sheraton.com/batumi",,,,,,,"საკრედიტო ბარათით სარგებლობა,Wi-Fi,საუზმე,შინაური ცხოველები დაშვებულია,ნომერი შეზღუდული შესაძლებლობის პირისთვის",,"რესტორანი,ბუფეტი","დახურული აუზი,ღია აუზი,ჰამამი,მასაჟი","კერძო პლიაჟი,ზღვასთან ახლოს,საკონფერენციო დარბაზი","აქვთ 1 ნომერი",5,202,400,,,"ერთ ადგ:130$ (საუზმის გარეშე) 150$საუზმით. +18%დღგ /ორ ადგ: 175 $ + 18% დღგ","ერთადგ175 +18$ დღგ/ ორ ადგ:235+18%",,"ირაკლი მახარაძე ",
"შავი ზღვის მარგალიტი / Black Sea Pearl",,სასტუმრო,"ანგისის ქ.  №65ა / Angisa St. №65a"," (0422) 21 88 44 / 593 55 55 40",,www.hotelblackseapearl.com,,,,,,,,,რესტორანი,,"ზღვასთან ახლოს","არ აქვთ",3,33,60,,,"ერთ/ორ ადგ: 60","ერთ ადგ:100 ორ ადგ:120 საუზმით","ირაკლი მახარაძე-593 55 55 40 ",,
"ჩვენებურები / Chveneburebi",,სასტუმრო,"პუშკინის  ქ.  №156 / Pushkini St. №156","593 23 04 15",,,,,,,,,,,,,,"არ აქვთ",,,,,,,,,,
"ჩილაუთი/ Chillout",,ჰოსტელი,"ფარნავაზ მეფის ქ. №133 / Parnavaz Mepe St.№133","555 52 67 62",,chilloutbatumi@gmail.com,,,,,,,"საკრედიტო ბარათით სარგებლობა,Wi-Fi,პარკინგი",,,,"ზღვასთან ახლოს",,,2,6,,,,"ერთ ადგ-25/30","გიორგი მალუტაშვილი - 555 52 67 62",,
"ჩაო / Chao",,სასტუმრო,"გორგილაძის ქ.  №75 / Gorgiladze St. №75","(0422) 22 24 00",,info@hotelchao.ge/www.hotelchao.ge,,,,,,,"საკრედიტო ბარათით სარგებლობა,Wi-Fi,საუზმე,ტრანსფერი,ლიფტი","მაგიდის ტენისი",რესტორანი,ფიტნესი,"ზღვასთან ახლოს,საკონფერენციო დარბაზი","არ აქვთ",3,29,60,,,"ერთ ადგ:80 /ორ ადგ:120 (საუზმით)","ერთ ადგ:120/ ორ ადგ:160","თამაზი მახარაძე- 599 55 50 75 ",,
"ჩვენი სახლი / Cheni Saxli ",,სასტუმრო,"წერეთლის ქ.  №34/36 / Tsereteli St.  №34/36"," 591 71 48 85 / 551 00 61 76",,,,,,,,,"საკრედიტო ბარათით სარგებლობა,Wi-Fi,საუზმე,არამწეველთა ოთახები,ლიფტი",,,,"ზღვასთან ახლოს","არ აქვთ",3,24,50,,,"ერთ ადგ:60 ორ ადგ: 80-100-120 (საუზმე)","ერთ/ორ ადგ: 100-130-150","დავით ლომიძე -591 71 48 85",,
"ცხრამეტი /  Hotel 19 (Sea Towers Batumi Apartments)",,სასტუმრო,"შ.ხიმშიაშვილის ქ.  №15 / SH.Khimshiashvili St. №15","593 05 19 19 /593 13 19 19",,info@hotel19.com/www.hotel19.ge,,,,,,,"საკრედიტო ბარათით სარგებლობა,Wi-Fi,საუზმე,შინაური ცხოველები დაშვებულია",,"რესტორანი,კაფე,ბარი,ბუფეტი","დახურული აუზი,ღია აუზი,სპა,საუნა","ზღვასთან ახლოს,ბიზნეს შეხვედრების ორგანიზება,საკონფერენციო დარბაზი","არ აქვთ",,18,30,,,"ერთ/ორ ადგ: 120-130 (საუზმე )","სტანდარული-180ლ დელუქსი-200ლ. ლუქსი-250ლ. საოჯახო-300ლ(საუზმით) ",,,
"ყაზბეგი /Kazbegi",,სასტუმრო,"ყაზბეგის ქ.  №15 / Kazbegi St. №15","574 99 99 85",,veli.tpur@mail.ru,,,,,,,"Wi-Fi,საუზმე,ნომერი შეზღუდული შესაძლებლობის პირისთვის,ლიფტი",,რესტორანი,"დახურული აუზი,სოლარიუმი",,"არ აქვთ",3,28,50,,,"ერთ/ორ ადგ: 60-70 (საუზმე )","ერთ ადგ/ორ ადგ: 90 საუმზით","მარინა დავითაძე -574 99 99 85 ",,
წერეთელი/Tsereteli,,სასტუმრო,"გორგილაძის ქ. №3 / Gorgiladzen St. №3","(0422) 27 66 84 /0422 27 58 73 / 558 09 80 80 ",,tsereteli@gmail.com,,,,,,,"საკრედიტო ბარათით სარგებლობა,Wi-Fi,პარკინგი,საუზმე",,ბარი,,"საკონფერენციო დარბაზი","არ აქვთ",3,12,27,,,"ერთ/ორ ადგ: 60-80","ერთ/ორ ადგ:150 საუზმით","გიორგი წერეთელი -558 09 80 80 ",,
"ძველი ბათუმი / Dzveli Batumi",,სასტუმრო,"კოსტავას ქ.  №24 / Kostava St. №24","(0422) 27 71 57 /593 33 34 14",,batgts@yahoo.com,,,,,,,,,,,"ზღვასთან ახლოს","არ აქვთ",3,5,10,,,"ერთ/ორ ადგ: 50-70 (საუზმე)","ერთ ადგ:80 /ორ ადგ:100",,"გოჩა მესხი -593 33 34 14",
"ძველი ქალაქი / Dzveli Qalaqi",,სასტუმრო,"გორგასლის ქ.  №1 / Gorgiladze St.  №1","(0422) 22 49 59 /577 45 84 71",,oldtown2014@mail.ru/www.oldtown.ge,,,,,,,"საკრედიტო ბარათით სარგებლობა,Wi-Fi,საუზმე,არამწეველთა ოთახები,ტრანსფერი,ლიფტი",,რესტორანი,,"ზღვასთან ახლოს,ბიზნეს შეხვედრების ორგანიზება,საკონფერენციო დარბაზი","არ აქვთ",3,20,50,,,"ერთ/ორ ადგ: 80-95","ერთ ადგ:50/ ორ ადგ:100","რეზო არძენაძე -577 45 84 71",,
"ჯე ( გე) - ბაკური / Ge Bakuri",,სასტუმრო,"ბარათაშვილის ქ.  №23 / Baratashvili St. №23 ","(0422) 27 47 88",,hotelbakuri@yahoo.com,,,,,,,"საკრედიტო ბარათით სარგებლობა,Wi-Fi,პარკინგი,საუზმე,შინაური ცხოველები დაშვებულია,არამწეველთა ოთახები,ნომერი შეზღუდული შესაძლებლობის პირისთვის,ლიფტი",,,"ღია აუზი","კერძო პლიაჟი,ზღვასთან ახლოს","არ აქვთ",3,29,40,,,"ერთ/ორ ადგ: 50","ერთ / ორ ადგ: 80 საუზმით","მაია ბერიძე -577 12 52 09",,
"ჯუბა / Juba",,სასტუმრო,"გრიბოედოვის ქ.  №8 / Griboedovi St. №8","(0422) 27 52 28",,,,,,,,,Wi-Fi,,,,,"არ აქვთ",,,3,,,"ერთ/ორ ადგ: 20- 30",,"ჯუმბერ დევაძე  -579 99 96 30",,5
"გალოგრე / Galogre",,სასტუმრო,"გორგასალის ქ. №8 / Gorgasali St. №8","(0422) 27 48 45",,"info@hotelgalogre.com / www.hotelgalogre.com",,,,,,,"საკრედიტო ბარათით სარგებლობა,Wi-Fi,პარკინგი,საუზმე,არამწეველთა ოთახები",,,,"ზღვასთან ახლოს,საკონფერენციო დარბაზი","არ აქვთ",4,34,70,,,"ერთ ადგ: 100, ორ ადგ: 130","ერთ/ორ ადგ: 180","ასია ტატევოსიანი - 597 17 15 10","დავით მახარაძე",
"გლობუსი / Globus",,ჰოსტელი,"მაზნიაშვილის ქ. №54 / Mazniashvili St. №54","593 28 99 49 / (0422) 27 67 21 ",,,,,,,,,"საკრედიტო ბარათით სარგებლობა,Wi-Fi,ტრანსფერი,ნომერი შეზღუდული შესაძლებლობის პირისთვის",,,,,,,20,70,,,"ერთი ადგ. 15",25-50,"რუსუდან ჭიჭინაძე - 593 28 99 49",,
"გოლდენ პალასი / Golden Palace",,სასტუმრო,"გამსახურდიას ქ. №8 / Gamsakhurdia St. №8","(0422) 21 25 30",,"info@goldenpalacebatumi.com / www.goldenpalace.com",,,,,,,"საკრედიტო ბარათით სარგებლობა,Wi-Fi,პარკინგი,არამწეველთა ოთახები,ტრანსფერი",კაზინო,"რესტორანი,კაფე,ბარი,ბუფეტი",საუნა,"საკონფერენციო დარბაზი","არ აქვთ",4,51,88,,,"ერთ ადგ: 70$,  ორ ადგ: 80$-100$ (საუზმით)","ერთ / ორ ადგ: 120-170$","ვიკტორია გრისტიუკი",,
"გრანდ პალასი / Grand Palace",,სასტუმრო,"გურამიშვილის ქ. №74 (ბაგრატიონის კვეთა) / Guramishvili St. №74  ","555 12 11 13 / 593 45 06 10",,grandpalace2015@gmail.com,,,,,,,"საკრედიტო ბარათით სარგებლობა,Wi-Fi,პარკინგი,საუზმე,ტრანსფერი,ლიფტი",,,,,"არ აქვთ",3,28,60,,,"ერთ ადგ: 50, ორ ადგ: 60","ერთ ადგ: 80, ორ ადგ: 100","ზვიად ბერიძე - 555 12 11 13",,
"გოლდენ ფიში / Golden Fish ",,სასტუმრო,"ზუბალაშვილის ქ. №13 / Zubalashvili St. №13","(0422) 27 87 06",,goldenfish2017@mail.ru,,,,,,,"საკრედიტო ბარათით სარგებლობა,Wi-Fi,პარკინგი",,,,,"არ აქვთ",,12,25,,,"ერთ/ორ ადგ: 60","ერთ/ორ ადგ: 130"," ქეთი აბდულიში  - 574 01 39 20",,
"გამა / Gama",,სასტუმრო,"ანგისა ქ. №35 / Angisa St. №35","(0422) 24 46 29 / 558 02 69 69 / 593 66 58 90",,"info@hotelgama.ge / hotelgama@mail.ru/ www.hotelgama.ge",,,,,,,"Wi-Fi,პარკინგი,საუზმე,არამწეველთა ოთახები",,კაფე,,"ზღვასთან ახლოს","არ აქვთ",2,8,18,,,"ერთ ადგ: 60, ორ ადგ: 80","ერთ ადგ: 70-80, ორ ადგ: 120","გაგა მამულაძე - 593 66 58 90",,
"გენაცვალე / Genatsvale",,სასტუმრო,"აეროპორტის გზატკეცილი №122 / Airport Av. №122","595 41 59 77 ",,,,,,,,,"Wi-Fi,პარკინგი",,,"ღია აუზი",,"არ აქვთ",2,31,70,,,"ერთ ადგ: 60, ორ ადგ: 70","ერთ ადგ: 150, ორ ადგ: 200-250","თეიმურაზ აბესლამიძე - 599 24 10 61",,
"დავითი / David",,სასტუმრო,"ბარათაშვილის ქ. №33 / Baratashvili St. №33","(0422) 27 17 18",,"hoteldavidbairam@gmail.com / www.hoteldavid.ge",,,,,,,"საკრედიტო ბარათით სარგებლობა,Wi-Fi,პარკინგი,საუზმე,შინაური ცხოველები დაშვებულია,ტრანსფერი,ექსკურსიები",,,,"ზღვასთან ახლოს,ბიზნეს შეხვედრების ორგანიზება,საკონფერენციო დარბაზი","არ აქვთ",4,12,36,,,"ერთ / ორ ადგ: 80","ერთ / ორ ადგ: 190","ზვიად ფუტკარაძე - 555 34 06 63",,
"ჰილტონი / Hilton",,სასტუმრო,"ნინოშვილის ქ.  №35 / Ninoshvili str   №35 ","(0422) 22 22 99 /  591 44 45 86",,"Irina.minashvili@hilton.com  / www.infobatumi.hilton.com",,,,,,,"საკრედიტო ბარათით სარგებლობა,Wi-Fi,პარკინგი,საუზმე,ტრანსფერი,ლიფტი",კაზინო,"რესტორანი,ბარი","დახურული აუზი,სპა,საუნა,მასაჟი,ფიტნესი,სოლარიუმი","ზღვასთან ახლოს,ბიზნეს შეხვედრების ორგანიზება,საკონფერენციო დარბაზი",,5,250,400,,,"ერთ/ორ ადგ: 160$-182$-საუზმით","ერთ/ორ ადგ: 160$ - 182$-საუზმით","ირინა მინაშვილი ","სტუარტ ნილსონი",
"ერზურუმ / ERZRUM",,სასტუმრო,"ლ.ასათიანის ქ. №108 / Asatiani St. №108","(0422) 27 78 48 / 599 44 48 37 ",,,,,,,,,,,,,,,1,13,30,,,,,"მაყვალა ანთაძე","იოსებ წულუკიძე",
"ელიო ინნ / ELIO IN",,სასტუმრო,"მელიქიშვილის ქ. №32 / Meliqishvili St. №32","592 29 29 39",,hotelelioinn@gmail.com,,,,,,,,,ბუფეტი,,,,,20,45,,,,,დავითი,,
ვეგა/Vega,,სასტუმრო,"ანგისა ქ. №88ა / Angisa St. № 88a","597 82 28 22 / (0422) 22 55 11",,hotelvega@mail.ru,,,,,,,"საკრედიტო ბარათით სარგებლობა,Wi-Fi,პარკინგი,საუზმე",,ბარი,,,"საპრეზიდენტო  ნომერი არა აქვთ",2,17,34,,,"ერთ/ორ ადგ: 80 ლ","ერთ ადგ:100-120, ორ ადგ:140 ლ","თენგიზ ლომინაძე-597822822",,
"ვენტურა/Ventura          ",,სასტუმრო,"გრიბოედოვის ქ. №45-50 / Griboedovi St. №45-50","558 25 95 22 / (0422) 27 19 88",,hotelventura@mail.ru,,,,,,,"საკრედიტო ბარათით სარგებლობა,Wi-Fi,ტრანსფერი",,რესტორანი,ჰამამი,"ზღვასთან ახლოს","&quot;საპრეზიდენტო  ნომერი არა აქვთ&quot;",,19,80,,,,"ერთ ადგ: 80 ორ ადგ: 110 საუზმით","გვანცა ხაზიური - 555931983",,
ვერონა/Verona,,სასტუმრო,"ნოე ჟორდანიას ქ. №17 /Noe Zhordania St. №17","592 87 23 44",,"www.hotelverona-batumi.com / batumiverona@gmail.com",,,,,,,Wi-Fi,,,,,"საპრეზიდენტო  ნომერი არა აქვთ",2,5,10,,,"ერთ ადგ:50 ორ ადგ: 60","ერთ ადგ:90 ორ ადგ:100","ალექსი სემელიანი - 592 87 23 44",,
ვიზიტი/Viziti,,სასტუმრო,"ოსტროვის ქ. №110 /Ostrovi St. №110"," 568 60 00 04 / (0422) 22 61 30",,batumi@1980@mail.ru,,,,,,,"Wi-Fi,პარკინგი,საუზმე,შინაური ცხოველები დაშვებულია,ტრანსფერი",,კაფე,,"ზღვასთან ახლოს","საპრეზიდენტო  ნომერი არა აქვთ",2,12,60,,,"ერთ ადგ:50 ორ ადგ: 60","ერთ ადგ:80 ორ ადგ:120","გიორგი თავდგირიძე - 599 33 93 94",,
"ვინდამ ბათუმი / Wyndham",,სასტუმრო,"მემედ აბაშიძის ქ. №33 / Memed Abashidze St. №33","(0422) 22 22 00",,"wyndhambatumi.com / info@wyndhambatumi.com",,,,,,,"საკრედიტო ბარათით სარგებლობა,Wi-Fi,პარკინგი,საუზმე,არამწეველთა ოთახები,ტრანსფერი,ნომერი შეზღუდული შესაძლებლობის პირისთვის,ლიფტი","ღამის კლუბი,კაზინო","რესტორანი,კაფე,ბარი,ბუფეტი","დახურული აუზი,სპა,საუნა,მასაჟი,ფიტნესი","ზღვასთან ახლოს,ბიზნეს შეხვედრების ორგანიზება,საკონფერენციო დარბაზი","ერთი საპრეზიდენტო  ნომერი",5,164,350,,,"ერთ ადგ:160$ ორ ადგ: 180$","ერთ ადგ:100$- ორ ადგ:140$",,,
ვიქტორია/Victoria,,სასტუმრო,"ჰაიდარ აბაშიძის ქ. №49 / Haidar Abashidze St. №49","597 01 01 47 / 0790 57 80 57 ",,,,,,,,,"Wi-Fi,საუზმე",,,,,"საპრეზიდენტო  ნომერი არა აქვთ",,25,40,,,"ერთ ადგ: 50 ორ ადგ: 70","ერთ ადგ:70 ორ ადგ: 100","ოთარ მამალაძე",,
"ვორლდ პალასი/World palace",,სასტუმრო,"მელაშვილის ქ. №1/3 / Melashvili St. №1/3","571 70 46 46 / (0422) 22 57 90",,"www.batumiworldpalace.com /  info@batumiworldpalace.com ",,,,,,,"საკრედიტო ბარათით სარგებლობა,Wi-Fi,საუზმე,არამწეველთა ოთახები,ექსკურსიები,ლიფტი",,რესტორანი,,"კერძო პლიაჟი,ზღვასთან ახლოს,საკონფერენციო დარბაზი","სამი საპრეზიდენტო  ნომერი. ფასი:  155-180$",5,30,75,,,"ერთ ადგ: 60$ ორ ადგ: 70$","ერთ/ორ ადგ: 110$- საუზმით","ნათია ომიაძე, სოფო გაბელაია",,
"ბათუსი / BATUSI",,სასტუმრო,"ჯავახიშვილის ქ. .№4ა / Javakhishvili St. №4a","577 25 03 03 / (0422)  25 03 03 / 574 30 00 90 /  593 02 03 32",,"info@batus.ge / batus.ge",,,,,,,"საკრედიტო ბარათით სარგებლობა,Wi-Fi,საუზმე","ბილიარდი,კარაოკე",კაფე,,,,2,18,36,,,,,"ბაჩო მიქელაძე",,
ვიტალი/Vitali,,სასტუმრო,"პუშკინის ქ. №29 / Pushkini St. №29","557 37 77 96",,,,,,,,,Wi-Fi,,,,,"საპრეზიდენტო  ნომერი არა აქვთ",,5,10,,,"ერთ ადგ:30 ორ ადგ: 50","ერთ/ორ ადგ: 40-60","ვიტალი ბერიძე",,
"ვორლდ ინ ბათუმი/World in Batumi",,ჰოსტელი,"ლერმონტოვის ქ. №10 / Lermontov St. №10","555 44 50 04 / 555 44 60 04",,,,,,,,,Wi-Fi,,,,,,,10,25,,,"ერთ ადგ:20 ორ ადგ: 30","ერთ/ორ ადგ: 25-50",,,
"თემური / Temuri",,სასტუმრო,"შერიფ ხიმშიაშვილის ქ. №28 ბ / Sherif Khimshiashvili Str. №28 B","557 44 70 20 / 593 26 15 84 ",,,,,,,,,"Wi-Fi,პარკინგი","ჩოგბურთის კორტები",კაფე,,,,,,19,,,"ერთ ადგ: 50 ორ ადგ: 80","ორ/სამ ადგ: 100-130 ","მიქელაძე თემური - 593261584 ",,54
"სპუტნიკი / Sputnik",,სასტუმრო,"ბათუმგორა / Batumgora","(0422) 29 41 15 /  557 73 51 77 ",,"www.hotel-sputnik.com / info@hotel-sputnik.com",,,,,,,"საკრედიტო ბარათით სარგებლობა,Wi-Fi,პარკინგი,საუზმე,შინაური ცხოველები დაშვებულია",,რესტორანი,"დახურული აუზი",,,4,152,250,,,"ერთ ადგ:50$ ორ ადგ: 60$",,"ეკა ტყაველაშვილი  - 577 65 08 08","ჰუსეინ თათლისუ",
" თბილისი / Tbilisi",,სასტუმრო,"ქართველ იუნკერთა ქ. №4 / Georgian Junkers Str. №4","571 77 27 77 /  574 07 73 40 / 598 70 26 70 ",,,,,,,,,"Wi-Fi,პარკინგი,საუზმე,შინაური ცხოველები დაშვებულია",,რესტორანი,"საუნა,მასაჟი,სოლარიუმი","საკონფერენციო დარბაზი",,2,17,50,,,"ერთ ად:30 ორ ადგ:40","ერთ/ორ ადგ: 50","ვახტანგ კახიძე - 571772777",,
"კლასი /  Class",,სასტუმრო,"ტბელ აბუსერიძის ქ. №13 /  Tbel Abuseridze Str. №13 ","593 73 29 23",,,,,,,,,,,კაფე,,,,2,9,20,,,"ერთ ადგ: 50 ორ ადგ:70","ერთ/ორ ადგ: 70-80","ირინა მარგარიანი",,"მუშაობს მხოლოდ სპორტსმენებზე"
"თანჯერინ / Tangerine",,სასტუმრო,"კობალაძის ქ.  №4 / Kobaladze Str. №4","(0422) 20 01 91 ",,"www.tangerine-hotel.com / reservation@tangerine-hotel.com",,,,,,,"საკრედიტო ბარათით სარგებლობა,Wi-Fi,პარკინგი,საუზმე,ტრანსფერი",,"რესტორანი,კაფე",,,,,,,,,,"ერთ/ორ ადგ: 40$",,,
"თოკა + / Toka +",,სასტუმრო,"გამსახურდიას ქ. № 47 / Gamsakhurdia Str. № 47 ","593 56 94 34",,,,,,,,,,,,,,,,,,,,,,,,
"თემო / Temo",,სასტუმრო,"შ. ხიმშიაშვილის ქ. №  28ბ / Sh. Khimshiashvili Str. №  28B","593 26 15 84",,,,,,,,,,,,,,,,50,,,,,,,,სეზონურია
"თიჯი+ / Tj+",,სასტუმრო,"ლ.ასათიანის  ქ. №12 / L. Asatiani Str. №12","577 14 14 43",,,,,,,,,"Wi-Fi,პარკინგი,შინაური ცხოველები დაშვებულია",,,,,,,,,,,"ერთ ადგ:15-20 ორ ადგ: 20-40","ერთ/ორ ადგ: 40/50",,,
"ილიკო / Iliko",,სასტუმრო,"კ.გამსახურდიას ქ. №42 / K. Gamsakhurdia Str.  №42","(0422) 27 38 92 / 599 67 31 27",,hoteliliko@mail.ru,,,,,,,"საკრედიტო ბარათით სარგებლობა,Wi-Fi,საუზმე,შინაური ცხოველები დაშვებულია",,,,,,3,18,50,,,"ერთ ადგ:40 ორ ადგ: 80","ერთ ადგ:70 ორ ადგ:120","ილია ზოიძე",,
"ინტერნაციონალი / International ",,სასტუმრო,"ლერმონტოვის ქ. №10 / Lermontov Str. №10","(0422) 22 73 51",,,,,,,,,Wi-Fi,,,,"ზღვასთან ახლოს",,2,17,38,,,"ერთ ადგ:50 ორ ადგ: 80","ერთ ადგ:100 ორ ადგ: 120","ჯემალ ბერიძე - 574 22 07 88 ",,
"ინტურისტ  პალასი / Intourist Palace",,სასტუმრო,"ნინოშვილის ქ. №11 / Ninoshvili Str. №11","(0422) 27 55 25 ",,"www.intouristpalace.com / info@intouristpalace.com",,,,,,,"საკრედიტო ბარათით სარგებლობა,Wi-Fi,პარკინგი,საუზმე,არამწეველთა ოთახები,ველო გაქირავება,ექსკურსიები",,"რესტორანი,ბარი","დახურული აუზი,ღია აუზი,სპა,საუნა,ჰამამი,სოლარიუმი","კერძო პლიაჟი,ზღვასთან ახლოს,ბიზნეს შეხვედრების ორგანიზება,საკონფერენციო დარბაზი","ერთი საპრეზიდენტო  ნომერი.  ფასი: 1500 $",5,138,300,,,"ერთ ადგ:90$ ორ ადგ: 100$ (საუზმით)","ერთ/ორ ადგ: 150-180$ (საუზმით)","მარინა ბლაგიძე - 577947720",,
"დუტა / Duta",,სასტუმრო,"ფიროსმანის ქ. №6 / Firosmani St. №6","599 51 76 76  / (0422) 27 21 08",,"info@duta.ge / www.duta.ge",,,,,,,"Wi-Fi,საუზმე","მაგიდის ტენისი",,,,"არ აქვთ",2,14,30,,,"ერთ / ორადგ: 70","ერთ / ორ ადგ: 80-100","თემურ კახიძე  - 599 51 76 76",,
"დაისი - სანსეტ ჰოტელ / Daisi - Sunset Hotel",,სასტუმრო,"ფალიაშვილის ქ. №12 / Paliashvili St. №12","(0422) 27 77 76 / 595 16 87 87",,"info@daisi-sunset.com / www.daisi-sunset.com",,,,,,,"საკრედიტო ბარათით სარგებლობა,Wi-Fi,პარკინგი,საუზმე,შინაური ცხოველები დაშვებულია,ნომერი შეზღუდული შესაძლებლობის პირისთვის",,კაფე,,"ზღვასთან ახლოს","არ აქვთ",3,19,45,,,"ერთ ადგ: 60,  ორ ადგ: 80",,"ზურაბ დიასამიძე - 599 16 87 87 ",,
"დელფინი / Dolphin",,სასტუმრო,"ლეონიძის ქ. №8ა / Leonidze St. №8a","(0422) 24 03 54 / 599 11 94 95 ",,,,,,,,,"Wi-Fi,პარკინგი,საუზმე,შინაური ცხოველები დაშვებულია,ტრანსფერი",,კაფე,,,"არ აქვთ",2,14,36,,,"ერთ / ორ ადგ: 50","ერთ / ორ ადგ: 70-80","ზაზა მიქელაძე - 558 41 44 88",,
"დელფინი  /Dolphin",,სასტუმრო,"გორგილაძე ქ. №27 /Gorgiladze St. №27","(0422) 25 25 82 / 568 30 14 12",,"info@hotel-dolphin.ge / www.hotel-dolphin.ge",,,,,,,"Wi-Fi,საუზმე,არამწეველთა ოთახები,ავტო გაქირავება,ველო გაქირავება,ექსკურსიები,ლიფტი",,კაფე,საუნა,"ზღვასთან ახლოს",,2,18,54,,,"ერთ ადგ: 50-60, ორ ადგ: 70-80","ერთ ადგ: 60, ორ ადგ: 80","ნუგზარ გორგილაძე - 593 21 20 20",,
"დადიანი / Dadiani",,სასტუმრო,"ფარნავაზ მეფის ქ. №124 / Parnavaz Mepe St. №124","(0422) 22 57 37 / 599 91 77 72 / 597 02 97 73 / 555 41 97 77",,hoteldadiani@mail.ru,,,,,,,"საკრედიტო ბარათით სარგებლობა,Wi-Fi,პარკინგი,საუზმე,ტრანსფერი",,,,,"არ აქვთ",,12,24,,,,"ერთ ადგ: 90-100, ორ ადგ: 100-20","597 02 97 73",,
"დივანი (ლონდონი) / Divan",,სასტუმრო,"ჟორდანია / გამსახურდიას ქ. № 8/15 / Zhordania / Gamsakhurdia St. № 8/15","(0422) 25 55 22 / (0422) 22 86 85 / 577 11 51 92 ",,"sales.batum@divan.com.tr / www.divan.com.tr",,,,,,,"საკრედიტო ბარათით სარგებლობა,Wi-Fi,პარკინგი,საუზმე,არამწეველთა ოთახები,ნომერი შეზღუდული შესაძლებლობის პირისთვის,ლიფტი",,რესტორანი,"საუნა,ჰამამი,მასაჟი,ფიტნესი","ზღვასთან ახლოს,ბიზნეს შეხვედრების ორგანიზება,საკონფერენციო დარბაზი",240$,5,65,130,,,"ერთ ადგ: 100$, ორ ადგ: 120$","ერთ / ორ ადგ: 120-130$",,,
"ბლექ სი ჰოსტელი / Black sea hostel",,ჰოსტელი,"გოგებაშვილის ქ.  № 58 / Gogebashvili St. №58","551 57 57 29",," bshostel2017@gmail.com",,,,,,,"ნომერი შეზღუდული შესაძლებლობის პირისთვის",,,,,,,,30,,,"25 / 60 / 100",,,,
"ეგე პალასი / Ege Palace",,სასტუმრო,"აეროპორტის გზატკეცილი №145 / Airport Av. №145",,,,,,,,,,,,,,,"არ აქვთ",2,11,25,,,"ერთ ადგ: 50, ორ ადგ: 70","ერთ ადგ: 70, ორ ადგ: 80",,,
"ელადა / Elada",,სასტუმრო,"პუშკინის ქ. №29 /Pushkini St. №29","599 71 58 62",,,,,,,,,"Wi-Fi,პარკინგი,შინაური ცხოველები დაშვებულია,ტრანსფერი",,,,,"არ აქვთ",2,10,20,,,"ერთ ადგ: 30-40, ორ ადგ: 40-50","ერთ / ორ ადგ: 30-40","ხრისტო ტაქსიდი  - 541 97 06 06",,
"ელეგანტი / Elegant",,სასტუმრო,"გორგასალის ქ. №68 / Gorgasali St. №68","(0422) 27 48 41",,"elegant@rambler.ru / hotel-elegant.webnode.com",,,,,,,"საკრედიტო ბარათით სარგებლობა,Wi-Fi,პარკინგი,საუზმე",,ბარი,საუნა,,"არ აქვს",2,6,15,,,"ერთ / ორ ადგ: 80-90 (ლუქსი: 100)","ერთ / ორ ადგ: 140","მარინა მესხი - 599 56 03 01",,
"ელტური / Elturi",,სასტუმრო,"ტბეთის ქ. №5 / Tbetis St. №5","(0422) 25 50 88 / 568 85 18 45       ",,El-turi@mail.ru,,,,,,,,,,,,"არ აქვს",,8,20-25,,,"ერთ ადგ: 50, ორ ადგ: 70","ერთ ადგ: 50, ორ ადგ: 70","დათო ფუტკარაძე - 593 39 09 09   ",,
"ემ–პალასი / M-Palace",,სასტუმრო,"ბაგრატიონის ქ. №79 / Bagrationi St. №79 ","(0422) 22 27 18",,m-palace@mail.ru,,,,,,,"საკრედიტო ბარათით სარგებლობა,Wi-Fi,პარკინგი,საუზმე,შინაური ცხოველები დაშვებულია,არამწეველთა ოთახები",,,,,"არ აქვთ",,18,50,,,"ერთ / ორ ადგ: 70","ერთ ადგ: 60, ორ ადგ: 100",,,
"ირისე /IRISE",,სასტუმრო,"ვაჟა ფშაველას ქ. №39 / vaja fshavela №39","596 25 75 75",,"infoirise@mail.ru ",,,,,,,"საკრედიტო ბარათით სარგებლობა,Wi-Fi,საუზმე",,,,,"არ აქვთ",3,15,40,,,"ერთ ადგ: 40-50/ ორ ადგ: 60 - 120"," ერთ ადგ:80 /ორ ადგ:100","გიორგი ჯორბენაძე",,
ლუქსი/luks,,სასტუმრო,"გორგილაძის ქ.  №29 gorgiladze №29 ","(0422) 27 66 89",,levan1ko-1@mail.ru,,,,,,,"საკრედიტო ბარათით სარგებლობა,Wi-Fi,ტრანსფერი",,რესტორანი,,"ზღვასთან ახლოს",,3,12,24,,,"ერთ/ორ ადგ: 40/60","ერთ ადგ: 80ლ. ორ ადგ: 100ლ.","ბესიკ ტეტენაძე",,
ლუქსი/lux,,სასტუმრო,"ლ.ასათიანის ქ.  №70 / l.asatiani st. №70","558 20 94 45",,,,,,,,,"საკრედიტო ბარათით სარგებლობა,Wi-Fi,პარკინგი,შინაური ცხოველები დაშვებულია,ტრანსფერი",,,,"საკონფერენციო დარბაზი",,,8,18,,,"ერთ/ორ ადგ: 40/ 50",100ლ,"ნუკრი გოგიტიძე",,
ლუკა/luka,,სასტუმრო,"აეროპორტის გზატკეცილი  №98 / airport highway   №98","599 92 33 40 / 0790 33 04 33",,,,,,,,,"საკრედიტო ბარათით სარგებლობა,Wi-Fi,პარკინგი,საუზმე,შინაური ცხოველები დაშვებულია",,,,,,,10,16,,,"ერთ ადგ:40-50 ორ ადგ:50-60","ერთ ადგ:60ლ. ორ ადგ: 80ლ.","თამაზ ნაკაშიძე",,
ლიუსი/lusi,,"საოჯახო სახლი","თაყაიშვილის ქ.  №19 / takaishvili st. №19 ","557 70 79 69",,,,,,,,,"საკრედიტო ბარათით სარგებლობა,Wi-Fi",,,,,,,5,20,,,"ერთ ადგ: 60 ლ.","ერთ ადგ: 100 ლ",,,
"ლეონი /leon",,სასტუმრო," ჩაიკოვსკის ქ. №80 / chaikovski st.  №80","593 35 72 40/ 514 17 60 60",,,,,,,,,"საკრედიტო ბარათით სარგებლობა,Wi-Fi,პარკინგი",,,,,,,13,,,,"ერთ ადგ: 55 ორ ადგ: 65","ერთ ადგ: 55 ორ ადგ: 65",,,
"ლიონი /lion",,სასტუმრო,"ფალიაშვილი ქ.  №12/faliashvili №12","557 41 02 41",,,,,,,,,"საკრედიტო ბარათით სარგებლობა,Wi-Fi",,,,,,,9,18,,,"ორ ადგ:80ლ სამ ადგ:100ლ. ოთხ ადგ:140ლ.","ორ ადგ: 120 ლ.  სამ ადგ: 140 ლ. ოთხ ადგ :180 ლ.",,,
ლოლა/lola,,სასტუმრო,"მაზნიაშვილის ქ. №13","557 47 61 16",,,,,,,,,Wi-Fi,,,,,,,3,13,,,"ერთ ადგ: 20 ლ.","ერთ ადგ: 25 ლ.",,,
"ლეოგრანდი / leogrand",,სასტუმრო,"შავშეთის ქ. №2/4 / shavsheti st. №2/4","(0422) 24 20 20",,"info@leograndhotel.com /  http://www.leograndhotel.com/",,,,,,,"საკრედიტო ბარათით სარგებლობა,Wi-Fi,პარკინგი,საუზმე,შინაური ცხოველები დაშვებულია,ნომერი შეზღუდული შესაძლებლობის პირისთვის",,რესტორანი,"საუნა,მასაჟი,სოლარიუმი","საკონფერენციო დარბაზი",,5,180,360,,,"ერთ/ორ ადგ: 90$-100$ (საუზმით)","ერთ ადგ :120$ ორ ადგ: 140$ საუზმით","ნინო მოწყობილი"," ბულეკ ჰასან რეისოღლუ",
ლეგასი/legacy,,სასტუმრო,"ანგისის ქ. №32ა / angisa №32a"," (0422) 22 83 67 / 595 51 82 23",,"service@batumilegacy.com /  mirandazoidze30@gmail.com",,,,,,,"საკრედიტო ბარათით სარგებლობა,Wi-Fi,პარკინგი,საუზმე,ნომერი შეზღუდული შესაძლებლობის პირისთვის",,,,"ზღვასთან ახლოს,საკონფერენციო დარბაზი",,4,62,150,,,"ერთ ადგ:130 ლ. ","150-180 ლ ","მირანდა ზოიძე",,
"ირეპალასი/ Irepalace",,სასტუმრო,"ლ. ასათიანის ქ.N26 / l.asatiani N26","0422 22 11 08 / 597 87 07 07",,"irepalace@gmail.com / www.irepalace.ge",,,,,,,"საკრედიტო ბარათით სარგებლობა,Wi-Fi",,,,,,,38,,,,"ერთ/ორ ადგ: 50-80$","ერთ/ორ ადგ: 50-80$",,,
ისტანბული/istanbul,,სასტუმრო,"გრიბოედოვის ქ. №9 / griboedovi st. №9","(0422) 22 07 72 (0422) 22 07 71",,batumi.hotelistanbul@gmail.com,,,,,,,"საკრედიტო ბარათით სარგებლობა,Wi-Fi,საუზმე,არამწეველთა ოთახები,ლიფტი","ღამის კლუბი,კარაოკე",რესტორანი,"საუნა,ფიტნესი",,,3,30,55,,,"ერთ/ორ ადგ: 90-100 (საუზმით)","ერთ ადგ-130-150 ორ ადგ -130-180","ზამირა ლორთქიფანიძე",,
"იალქანი /ialqani ",,სასტუმრო,"ხულოს ქ. №6 / khulo №6","(0422) 27 51 97  / 591 27 71 00",,,,,,,,,"საკრედიტო ბარათით სარგებლობა,Wi-Fi",,,,,,,7,22,,,"ერთ/ორ ადგ 40/50","ერთ/ორ ადგ 40/50","მურად ბოლვაძე",,
"იურმალა  / iurmala",,სასტუმრო,"გიორგი ბრწყინვალის ქ. №42 / giorgi brtskinvale st.  №42 ","598 34 64 33 ",,,,,,,,,"საკრედიტო ბარათით სარგებლობა,Wi-Fi",,,,,,,17,,,,"ერთ/ორ ადგ: 60","ერთ ადგ-90 ორ ადგ -110",,,
კომფორტი/comfort,,სასტუმრო,"ოსტროვსკის/სულაბერიძის ქ.   №1/28 / ostrovski / sulaberidze st .  №1/28"," 596 280101  /  (0422) 21 30 35",,,,,,,,,"საკრედიტო ბარათით სარგებლობა,Wi-Fi,საუზმე",,,,,,,11,,,,"ერთ ადგ-60 ორ ადგ-80","ერთ ადგ-60 ორ ადგ-80",,,
"კორნერ ინნ / corner inn",,სასტუმრო,"კობალაძის ქ.  №4 / kobaladze st .  №4 ","(0422) 20 03 55 ",,"info@cornerinn.ge / www.cornerinn.com",,,,,,,"საკრედიტო ბარათით სარგებლობა,Wi-Fi,პარკინგი,საუზმე,ტრანსფერი",,რესტორანი,,,,3,60,140,,,"ერთადგ:50$ ორ ადგ: 60-90$","ერთადგ:50$ ორ ადგ: 60-90$","თეონა ლომინეიშვილი",,
კალიფსო/calypso,,ჰოსტელი,"ნოე ჟორდანიას  ქ. № 18 / noe zhordania st. № 18","555 46 38 83",,,,,,,,,"საკრედიტო ბარათით სარგებლობა,Wi-Fi",,,,,,,3,15,,,"ერთ ადგ: 15-30ლ","ერთ ადგ: 15-30ლ",,,
"კრისტალი / crystal ",,სასტუმრო,"ანგისა /angisa ","(0422) 24 53 53",,,,,,,,,"საკრედიტო ბარათით სარგებლობა,Wi-Fi",,,,,,2,14,33,,,"ერთ ადგ:70 ორ ადგ: 120","ერთ ადგ-110 ორ ადგ -140",,,
"კრალი / Kral  ",,სასტუმრო,"ს. ხიმშიაშვილის ქ.  №39","593 71 12 84",," ",,,,,,,"საკრედიტო ბარათით სარგებლობა,Wi-Fi,პარკინგი,საუზმე,შინაური ცხოველები დაშვებულია,ტრანსფერი",,რესტორანი,"ჰამამი,სოლარიუმი",,,,7,22,,,"ერთ/ორ ადგ: 70ლ."," ორ ადგ-110ლ.","მარიამ ჩოხელი ",,
"ლაით ჰაუსი/light house ",,სასტუმრო,"ყაზბეგის ქ.  №4 / kazbegi st. №4","(0422) 27 82 18",,nanagog005@gmail.com,,,,,,,"საკრედიტო ბარათით სარგებლობა,Wi-Fi,საუზმე,ველო გაქირავება",,ბუფეტი,,,,3,15,30,,,"ერთ ადგ:80 ორ ადგ:100","100-130  (საუზმით)"," თენგიზ ზოიძე",,
"პრემიუმ რეზიდენსი (აპარტ ოტელი) / premium recidence",,სასტუმრო,"ფარნავაზ მეფის ქ.  №48/ King Pharnavaz str.  №48","ნატა სამნიძე 599 01 09 88",,"info@premiumresidence.ge/ www.facebook.com Premium Residence",,,,,,,"საკრედიტო ბარათით სარგებლობა,Wi-Fi,პარკინგი,შინაური ცხოველები დაშვებულია,არამწეველთა ოთახები,ტრანსფერი,ნომერი შეზღუდული შესაძლებლობის პირისთვის,ლიფტი",,,,"ზღვასთან ახლოს,ბიზნეს შეხვედრების ორგანიზება,საკონფერენციო დარბაზი","არ აქვთ",,23,60,,,"ერთ/ორ ადგ: 40$","ერთ/ ორ ადგ: 70$","ნატა სამნიძე -599 01 09 88","არჩილ მაჭარაძე",
"პიაცა ბუტიკი/ Piazza boutique",,სასტუმრო,"ფარნავაზ მეფის ქ.  №25  /King  Pharnavaz  str.  №25"," 591 00 56 15  / 568 77 24 66 ",,"info@piazza.ge/ www.piazza.ge",,,,,,,"საკრედიტო ბარათით სარგებლობა,Wi-Fi,პარკინგი,საუზმე,შინაური ცხოველები დაშვებულია,არამწეველთა ოთახები,ტრანსფერი,ნომერი შეზღუდული შესაძლებლობის პირისთვის,ლიფტი",,,,"ზღვასთან ახლოს",,4,16,30,,,"ერთ ადგ:140 ორ ადგ: 170","ივნისი: ერთ ადგ: 205 / ორ ადგ: 285 / ივლისი -აგვისტო: ერთ ადგ:265 / ორ ადგ:285","ნატალი თევზაძე 568 77 24 66","გაიანე საარჩან",
"პიაცა ფორ ქალარს    ,,Four Colours' / Piazza Four Colours",,სასტუმრო,"გორგასალის ქ.  №16/ Gorgiladze str. №16","(0322) 61 15 37  591 00 56 17 568 77 24 66 ",,"piazzafourcolors@gmail.com/ www.piazza.ge",,,,,,,"საკრედიტო ბარათით სარგებლობა,Wi-Fi,საუზმე,შინაური ცხოველები დაშვებულია,არამწეველთა ოთახები,ტრანსფერი,ნომერი შეზღუდული შესაძლებლობის პირისთვის,ლიფტი",,,,"ზღვასთან ახლოს",,,47,50,,,"ერთ ადგ: 115-120 ორ ადგ: 130-140","ერთ ადგ:170 ორ ადგ: 175 საუზმით","ნატალი თევზაძე 568 77 24 66","გაიანე საარჩან",
"პრესტიჟი/ Prestige",,სასტუმრო,"26 მაისის ქ.   №62 / 26 May str. № 62","(0422) 27 99 53",,"hotel-prestige@mail.ru / www.hotel-prestige.ge",,,,,,,"საკრედიტო ბარათით სარგებლობა,Wi-Fi,პარკინგი,საუზმე,შინაური ცხოველები დაშვებულია,ტრანსფერი",,კაფე,,,,3,30,80,,,"ერთ ადგ:90 ორ ადგ: 110-130","ერთ ადგ:140 ორ ადგ:160 საუზმით","მანანა დიასამიძე -597 02 02 15",,
პრაიმი/Prime,,სასტუმრო,"ტაბიძის ქ. №6 / Tabidze st  №6","(0422) 24 24 40",,www.primehotelbatumi.com,,,,,,,"Wi-Fi,პარკინგი,საუზმე","ბილიარდი,ღამის კლუბი",რესტორანი,,,,,35,60,,,"ერთ ადგ: 50 ორ ადგ: 70","ერთ/ორ ადგ: 70-80 საუზმით","გიორგი გობაძე",,
"პორტ ალტუს ",,სასტუმრო,"საიათნოვას ქ.  №7 / saiatnova st.  №7","(0422) 22 27 31 / 595 69 49 09",,"info@hotelportaltus.ge/ www.hotelportaltus.ge",,,,,,,"საკრედიტო ბარათით სარგებლობა,Wi-Fi,პარკინგი,საუზმე,შინაური ცხოველები დაშვებულია,არამწეველთა ოთახები,ტრანსფერი,ექსკურსიები",,"კაფე,ბუფეტი",,"ზღვასთან ახლოს",,4,13,35,,,,"ერთ ადგ:160-190 ორ ადგ: 180-190   საუზმით/ ერთ ადგ:80 ორ ადგ: 110",,,
"რჩეული ვილა/rcheuli villa",,სასტუმრო,"ჟორდანიას ქ.  №31/ Jordania st  №31","599 63 76 62 /  27 07 07",,"eka_gogiberidze@yahoo.com/ www.rcheuli.ge",,,,,,,"საკრედიტო ბარათით სარგებლობა,Wi-Fi,საუზმე,ველო გაქირავება",,,,"კერძო პლიაჟი,ზღვასთან ახლოს,ბიზნეს შეხვედრების ორგანიზება,საკონფერენციო დარბაზი",,4,10,20,,,"ერთ/ორ ადგ:90-110 ლუქსი-180","200 საუზმით","ეკა გოგიბერიძე-599637662",,"check in 14:00-მდე check out 12:00-მდე"
რაგი/ragi,,სასტუმრო,"ჭავჭავაძის ქ.  №58/ chavchavadze st   №58","593  35 90 65/  (0422) 27 47 09        ",,,,,,,,,,,,მასაჟი,,,3,5,15,,,"ერთ/ორ ადგ: 40-50","ერთ ადგ/ ორ ადგ 80-100","ესმა ჩხიკვაძე",,"check in /check out ნებისმიერ დროს "
პონტო/ponto,,სასტუმრო,"ზუბალაშვილის ქ.  №18 / zubalashvili st  №18","599 21 98 89",,,,,,,,,,,,,,,,,,,,,,,,
"რედისონ ბლუ / Radisson blu",,სასტუმრო,"ნინოშვილის ქ.  №1 / Ninoshvili st №1","0422 25 55 55",,"info.batumi@radissonblu.com/ www.radissonblu.com/en/hotel-batumi",,,,,,,"საკრედიტო ბარათით სარგებლობა,Wi-Fi,პარკინგი,საუზმე,არამწეველთა ოთახები,ველო გაქირავება,ტრანსფერი,ექსკურსიები,ნომერი შეზღუდული შესაძლებლობის პირისთვის,ლიფტი","ღამის კლუბი,კაზინო","რესტორანი,კაფე,ბარი","დახურული აუზი,ღია აუზი,სპა,საუნა,ჰამამი,მასაჟი,სოლარიუმი","კერძო პლიაჟი,ზღვასთან ახლოს,ბიზნეს შეხვედრების ორგანიზება,საკონფერენციო დარბაზი","ოთხი საპრეზიდენტო  ნომერი.  ფასი: 437$",5,168,403,,,"ერთ/ორ ადგ: 140$ (საუზმის გარეშე) +დღგ 180$ (საუზმით)  +დღგ","ერთ ადგ:230 ორ ადგ: 270","მაკა გვირვაშვილი-592925577 თაკო მგელაძე- 577 14 17 49","ნადიმე ჰერნბაჩერ","check in 15:00-მდე  / check out 12:00-მდე"
"რევაზი/ Revazi",,სასტუმრო,"ჭავჭავაძის ქ.  №50 / chavchavadze st №50 ","(0422) 22 37 29 555 34 34 08",,www.hotel.revazi,,,,,,,Wi-Fi,,,საუნა,,,2,5,12,,,"ერთ/ორ ადგ: 40-50","ერთ ადგ:60 ორ ადგ:70",,"თეა ირემაძე -555343408",
"რივა / Riva",,სასტუმრო,"ფარნავაზ მეფის ქ.  №155/ king pharnavaz st  №155","(0422) 213144 /593 50 80 27   /  (0422) 21 31 88",,hotelrivabatumi@gmail.com,,,,,,,"საკრედიტო ბარათით სარგებლობა,Wi-Fi,პარკინგი,საუზმე",,რესტორანი,,,,3,14,28,,,,"ერთ ადგ/ ორ ადგ 180","ირაკლი ნაცვალაძე -593508027",,
"რიცა/ Ritsa",,სასტუმრო,"ზ.გამსახურდიას ქ.  №16 / Z.Gamsakhurdia st   №16","(0422) 27 32 92",,hotelritsa@hotmail.com/http://www.infobatumi.ge/guide/hotel-ritsa/,,,,,,,"საკრედიტო ბარათით სარგებლობა,Wi-Fi,პარკინგი,საუზმე",,ბარი,,,,2,14,38,,,"ერთ ადგ:60 ორ ადგ: 70-100","ერთ/ ორ ადგ: 130","ლევან ცეცხლაძე -593414293",,"check in 12:00-მდე   / check out 12:00-მდე"
"რიო (ახალი)/ Rio ",,სასტუმრო,"26 მაისის ქ.  №26/ 26 May st №26","(0422) 22 72 35",," shps.rio@gmail.com/ hotelrio.ge",,,,,,,"საკრედიტო ბარათით სარგებლობა,Wi-Fi,პარკინგი,საუზმე,ველო გაქირავება",,რესტორანი,,,,2,14,25,,,"ერთ ადგ: 80 ორ ადგ: 100","ერთ ადგ:140-180 ორ ა:დგ180-220","ლევან დავითაძე",,"check in 14:00-მდე   check out 12:00-მდე"
რიო/Rio,,სასტუმრო,"გრობოედოვის ქ.  №8/ Griboedovi st №8","(0422) 27 63 18",,,,,,,,,Wi-Fi,,,,,,2,4,8,,,"ერთ/ორ ადგ: 50-60","ერთ ადგ:80 ორ ადგ80-90","ხვიჩა აბუსერიძე -598 57 00 75",,
როლანდი/Rolandi,,სასტუმრო,"პუშკინის ქ. №29 / Pushkini st №29","(0422) 27 88 09",,"hotelrolandi2013@ mail.ru",,,,,,,"Wi-Fi,შინაური ცხოველები დაშვებულია",,ბუფეტი,,,,2,18,50,,,"ერთ/ორ ადგ: 50","ერთ ადგ:50 ორ ადგ:60","ზვიად ბერიძე -555121113",,
"როიალ პალასი/ Royal Palace",,სასტუმრო,"ანგისის ქ.  №36ა / Angisa st №36a"," 557 43 30 30 / (0422) 21 62 16",,"r.palacee@gmail.com/ www.hotelroalpalace.ge",,,,,,,"საკრედიტო ბარათით სარგებლობა,Wi-Fi,პარკინგი,საუზმე,არამწეველთა ოთახები",,რესტორანი,საუნა,"ბიზნეს შეხვედრების ორგანიზება,საკონფერენციო დარბაზი",,4,20,40,,,"ერთ ადგ:90 ორ ადგ:110","ერთ ადგ:70-80$ / ორ ადგ:90$ საუზმით",,"გოჩა ბერიძე - 597806070",
"როუზი / Rous",,სასტუმრო,"პუშკინის ქ.  №57 / Pushkini st. №57","(0422) 27 26 51 / 555 00 09 02 ",,,,,,,,,,,,,,,,8,20,,,"ერთადგილიანი - 50 ლარი, ორადგილიანი - 60 ლარი",,"გიორგი ყურშუბაძე",,
"როიალ ვენეცია / Royal Venice",,სასტუმრო,"ზ. გამსახურდია ქ.  №35 / Z. Gamsakhurdia st. №35","(0422) 22 24 22  / (0422) 27 02 77 / 599 17 01 21 / 574 00 46 00 ",,www.royalvenezia.ge,,,,,,,"საკრედიტო ბარათით სარგებლობა,Wi-Fi,საუზმე,არამწეველთა ოთახები,ექსკურსიები",,"რესტორანი,ბუფეტი",,"ზღვასთან ახლოს",,,15,30,,,"ერთადგილიანი - 100 ლარი, ორადგილიანი - 110 ლარი","165 ლარი საუზმით","მერაბ ფარტენეძე ",,
"როიალ ჰოტელი / Royal Hotel",,სასტუმრო,"ქუთაისის ქ.  №23 / Kutaisi st. №23","(0422) 21 22 21",,info@royalbatumi.com,,,,,,,,,,,,,,19,30,,,,"ერთადგილიანი - 50 ლარი,  ორადგილიანი - 100 ლარი ",,,
"გრანდ ჯორჯია პალასი / Grand Georgian Palace",,სასტუმრო,"აეროპორტის გზატკეცილი  №124 / Airport highway №124","(0422) 21 87 87 / 593 83 73 73 / 593 83 73 73/ 557 27 09 09",,"info@grandrixosspalace.ge / www.grandrixosspalace.ge",,,,,,,"საკრედიტო ბარათით სარგებლობა,Wi-Fi,ტრანსფერი,ლიფტი","ჩოგბურთის კორტები,ბილიარდი,მაგიდის ტენისი,კაზინო",რესტორანი,,"საკონფერენციო დარბაზი",,4,75,80,,,"ერთადგილიანი - 170ლარი,  ორადგილიანი - 190 ლარი","ერთადგილიანი -200 ლარი,  ორადგილიანი - 230 ლარი","სოფიკო გელაზარიძე",,
"მედუზა / Meduza",,ჰოსტელი,"საიათნოვას ქ.  №4 / Saitnova st. №4 ","0422 27 56 35 /  593 33 97 83  593 28 43 44",,,,,,,,,"საკრედიტო ბარათით სარგებლობა,Wi-Fi,პარკინგი,ტრანსფერი",,,,,,,6,25,,,,"ორადგილიანი - 130ლარი, სამადგილიანი - 150ლ, სააერთო- 1 ადგილი  - 35 ლარი",,,
"რეტრო / Retro",,ჰოსტელი,"პუშკინის ქ.  №92 / Pushkini st. №92","(0422) 22 16 41 / 577 75 85 39 /577 75 85 39",,dvdtam@rambler.ru,,,,,,,,,,,,,,,,,,,,"თამაზ ჩაგუნავა",,
"სალი / Sali",,სასტუმრო,"გორგილაძის ქ.  №16 / Gorgiladze st.№16","(0422) 27 05 14  / 557 24 59 40",,,,,,,,,"Wi-Fi,პარკინგი",,კაფე,,,,,15,30,,,"ერთადგილიანი - 50 ლარი, ორადგილიანი - 80 ლარი","ერთადგილიანი - 80 ლარი, ორადგილიანი - 100-150 ლარი","ბელა შამათავა",,
"როკ ჰოტელი / Rock Hotel ",,სასტუმრო,"ხიმშიაშვილის ქ.  №15ა / Khimshiashvili st. №15a","(0422) 20 03 51 / 555 94 37 65  / +38 093 686 98 46",,"rrock.hotel@gmail.com / www.rrock-hotel. org",,,,,,,"საკრედიტო ბარათით სარგებლობა,Wi-Fi,შინაური ცხოველები დაშვებულია",,,,,,3,23,75,,,"ერთადგილიანი/ორადგილიანი - 148 ლარი","ერთადგილიანი - 100 ლარი / ორადგილიანი - 154 ლარი","ნატალია საროკა ",,
"სანაპირო სახლი / Sanapiro Sakhli",,სასტუმრო,"შ. ხიმშიაშვილის ქ.  №89 / Sh. Khimshiashvili st.№89","555 60 09 01",,"beachhousebatumi@gmail.com / www.beachhouse.ge ",,,,,,,"საკრედიტო ბარათით სარგებლობა,Wi-Fi,პარკინგი,საუზმე",,"რესტორანი,ბარი",,,,3,14,30,,,"ერთ/ორ ადგილიანი  80-90 ლარი","ერთ/ორ ადგილიანი - 50$ საუზმით, ",,"კახა ბერიძე - 555 60 09 01 ",
ლუქსორი/luxsory,,სასტუმრო,"ჯინჭარაძის ქ. N15/ Jincharadze str N15","(0422) 27 62 86",,luxor.batumi@gmail.com,,,,,,,"საკრედიტო ბარათით სარგებლობა,Wi-Fi,პარკინგი,არამწეველთა ოთახები,ექსკურსიები",,ბარი,,"ზღვასთან ახლოს","არა აქვს",3,8,30,,,"ერთადგილიანი : 95 ლარი ,ორადგილიანი : 110 ლარი","ერთადგილიანი : 160 ლარი ,ორადგილიანი : 190 ლარი","ირაკლი სეიშვილი -599 36 85 86",,"#batumi #seaside #wifi #parking #nosmoking "
"სითი / City",,სასტუმრო,"გორგასალის ქ.  №159 / Gorgasali st. №159"," 555 20 20 35 / 558 54 15 53",,info@cityhotel.ge,,,,,,,"საკრედიტო ბარათით სარგებლობა,Wi-Fi,პარკინგი,საუზმე",,ბარი,,,,,14,31,,,"ერთ/ორ ადგალიანი: 200 ლარი","ერთ/ორ ადგილიანი - 135 ლარი საუზმით",,,
"სისაიდ / seaside",,ჰოსტელი,"ნონეშვილის  ქ.  №31 / Noneshvili st. №31","577 30 90 38",,,,,,,,,Wi-Fi,,,,,,,6,30,,,"ერთადგილიანი - 12 ლარი","ერთადგილიანი - 20 ლარი",,"ავთანდილ ქათამაძე - 599 57 98 02",
"სითი სთარ / City Star",,სასტუმრო,"გრიბოედოვის ქ.  №21 / Griboedovi st. №21","(0422) 27 18 04 / 577 71 14 41",,"hotelcitystar@mail.ru / www.citystar.ge ",,,,,,,"საკრედიტო ბარათით სარგებლობა,Wi-Fi,პარკინგი,საუზმე,შინაური ცხოველები დაშვებულია,ლიფტი",,რესტორანი,საუნა,,"ერთადგილიანი - 70 ლარი /  ორადგილიანი -  90 ლარი",3,30,60,,,,"ერთადგილიანი - 100 / ორადგილიანი - 120 ლარით (საუზმით)","ამირან კაკაბაძე ",,
" სქაი ჯი / Sky g",,სასტუმრო,"გორგილაძის ქ.  №114 / Gorgiladze st. №114","593 51 95 09 / 592 01 49 49 / 593 519 509 ",,"sky.ge@mail.ru / ",,,,,,,"საკრედიტო ბარათით სარგებლობა,Wi-Fi,პარკინგი",,,,,,3,6,12,,,"60-70 ლარი","150 ლარი საუზმით","ზაზა სვანიძე",,
"სვ ჰოტელ ბათუმი / SV Hotel Batumi",,სასტუმრო,"ამაღლობელის ქ.  №11 / Amaglobeli st. №11","579 26 78 78",,,,,,,,,,,,,,,,15,35,,,"ერთ ადგილიანი - 60 ლარი, ორადგილიანი - 150 ლარი","ერთ/ორ ადგილიანი - 120-140 ","ვიქტორია სიზოვა",,
"სანაპირო / Sanapiro",,სასტუმრო,"თამარის დასახლება  №1 / Tamara settlement №1","(0422) 25 50 50 / 593 35 96 98 / 599 18 22 81 ",," htlsanapiro@gmail.com / hotelsanapiro@marigroup.ge / www.marigroup.ge",,,,,,,"საკრედიტო ბარათით სარგებლობა,Wi-Fi,პარკინგი,საუზმე",ბილიარდი,"რესტორანი,ბარი","დახურული აუზი,სპა,საუნა,მასაჟი,სოლარიუმი","კერძო პლიაჟი,ზღვასთან ახლოს,საკონფერენციო დარბაზი",,3,86,120,,,"ერთადგილიანი - 110 ლარი,  ორადგილიანი - 150-180 ლარი","ივნისი: ერთადგილიანი - 120 ლარი, ორადგილიანი - 160 ლარი, / ივლისი: ერთადგილიანი - 130 ლარი, ორადგილიანი -180 ლარი /  აგვისტო- ერთადგილიანი-140 ლარი, ორ ადგილიანი-190 ლარი","თინა მამინაიშვილი",,
"სტარ / Star",,სასტუმრო,"პუშკინის ქ. №134 / Pushkini st.№134","(0422) 27 08 72 / 571 15 23 12",,"starhotel@mail.ru / www.starhotel.ge",,,,,,,"საკრედიტო ბარათით სარგებლობა,Wi-Fi,პარკინგი,საუზმე",,ბარი,,,,2,18,32,,,"ერთადგილიანი 60-70 ლარი, ორადგილიანი: 80-100 ლარი","ერთადგილიანი - 100 ლარი, ორადგილიანი - 120-150 ლარი","რომან ფარტენაძე",,
"სარფ / Surf",,ჰოსტელი,"მელაშვილის ქ. № 33/35 / Melashvili st.№ 33/35"," 599 70 92 03 / 571 01 26 28 / 599 10 40 94 / 599 70 92 03 / 571 01 26 28 ",,,,,,,,,"საკრედიტო ბარათით სარგებლობა,Wi-Fi,შინაური ცხოველები დაშვებულია,ნომერი შეზღუდული შესაძლებლობის პირისთვის",,,"დახურული აუზი",,,,8,25,,,"1 ადამიანი 25 ლარი","1 ადამიანი 25 ლარი","ანატოლი / ანია ",,
"სომბრერო / Sombrero",,სასტუმრო,"ფარნავაზ მეფის ქ.  №124 / Pharnavaz Mephe st. №124","555 57 40 62 / 555 57 40 62",,,,,,,,,"Wi-Fi,პარკინგი,საუზმე",,,,,,,7,18,,,"ერთ/ორადგილიანი - 50-60 ლარი","ერთ/ორადგილიანი - 80-100 ლარი","ნოდარი დიასამიძე",,
"სითი / City",,სასტუმრო,"გორგასალის ქ. №159 / Gorgasali st. №159","555 20 20 35",,,,,,,,,"საკრედიტო ბარათით სარგებლობა,Wi-Fi,ტრანსფერი,ექსკურსიები",,,,,,,14,,,,,,,,
"ფემილი / Family",,სასტუმრო,"ბარათაშვილის ქ.  №1 Baratashvili st.  №1","(0422) 27 83 77 / 577 74 33 04 / 577 74 33 04",,hotelfamily-07@gmail.com,,,,,,,"საკრედიტო ბარათით სარგებლობა,Wi-Fi,საუზმე",,,,,,2,7,16,,,"ერთადგილიანი - 50-100 ლარი,  ორადგილიანი: 70-120 ლარი","ერთადგილიანი -150-170 ლარი, ორადგილიანი -160-190 ლარი","ნათია წულუკიძე",,
"მადონა გურიელიძე / Madona Gurielidze",,"საოჯახო სახლი","მახინჯაური,  ჯინჭარაძის ქუჩა / Makhinjauri, Jincharadze street","555409336  /  254455",,,,,,,,,"Wi-Fi,პარკინგი,საუზმე,შინაური ცხოველები დაშვებულია,ტრანსფერი",,,,,,3,2,5,,,,,,"მადონა გურიელიძე ",
"ლუნა/ LUNA",,სასტუმრო,"ზუბალაშვილის N4 / Zubalashvili N4","0422 27 72 77",,,,,,,,,"Wi-Fi,პარკინგი,შინაური ცხოველები დაშვებულია",,,,,,2,8,17,,,"ერთ ადგილიანი 30 ლარი/ ორადგილიანი 50 ლარი","ორადგილიანი 50 ლარი ",,"ლევანი 593650504","#wifi , #parking "
"ირაკლი / Irakli",,"საოჯახო სახლი","მახინჯაური, თბილისის პირველი შესახვევი სახლი პირველი /  Makhinjauri, Tbilisi CDS, first house","599 55 27 48  /  577 14 13 28",,,,,,,,,"Wi-Fi,პარკინგი,საუზმე,შინაური ცხოველები დაშვებულია,ტრანსფერი",,,,,,4,6,28,,,40,40,"თამუნა  -  577 14 13 28",,
"ლეო / Leo",,სასტუმრო,"აღმაშენებლის ქ N13ა / Agmashenebeli str. N13a","0422 24 79 22 /  593 99 02 01 / 599 56 65 79",,,,,,,,,"საკრედიტო ბარათით სარგებლობა,Wi-Fi,პარკინგი",,,,,,2,5,10,,,"ორადგილიანი 50 ლარი","ერთადგილიანი 50 ლარი / ორადგილიანი 80-90 ლარი","ნაზი სურმანიძე",,"#creditcard , #wifi , #parking"
"მარინსკი / Marinski",,აპარტამენტი,"მ. აბაშიძის N50 / M. Abashidze N50","595 13 10 23",,"www.marinski.ge / marinsky.ge@gmail.com",,,,,,,,,,,,,,9,30,,,,"65 დოლარიდან -95 დოლარამდე","ნინო ",,
"გიორგი / Giorgi",,"საოჯახო სახლი","ლერმონტოვის  ქ.  №30 / Lermontovi st.  №30","593 48 04 80",,,,,,,,,,,,,,,,,,,,,,,,
"როიალი / Royal",,სასტუმრო,"აეროპორტის გზატკეცილი N150","+995 568 879444 / +995 593 656376",,,,,,,,,"საკრედიტო ბარათით სარგებლობა,Wi-Fi,პარკინგი,საუზმე,ველო გაქირავება,ექსკურსიები",,"რესტორანი,კაფე",,,,,19,,,,,100-120ლ,,,
